{"type":"FeatureCollection","features":[{"type":"Feature","properties":{"kind":"street","label":"San Antonio Ave"},"geometry":{"type":"LineString","coordinates":[[-117.73673,34.07992],[-117.73673,34.08052]]}},{"type":"Feature","properties":{"kind":"street","label":"Mission Blvd"},"geometry":{"type":"LineString","coordinates":[[-117.73199,34.05556],[-117.73164,34.05557],[-117.73128,34.05557],[-117.73101,34.05558],[-117.73071,34.05559],[-117.73048,34.0556],[-117.73019,34.0556],[-117.72945,34.05562],[-117.72889,34.05563],[-117.72849,34.05564],[-117.7283,34.05564],[-117.72818,34.05565],[-117.72788,34.05565],[-117.72771,34.05566],[-117.72757,34.05566],[-117.72739,34.05566],[-117.72727,34.05567],[-117.72697,34.05567],[-117.72666,34.05568],[-117.72588,34.0557],[-117.72556,34.05571],[-117.72512,34.05572],[-117.72487,34.05572],[-117.7248,34.05572],[-117.72442,34.05573]]}},{"type":"Feature","properties":{"kind":"street","label":"White Ave"},"geometry":{"type":"LineString","coordinates":[[-117.75931,34.07152],[-117.75926,34.07212],[-117.75921,34.07241]]}},{"type":"Feature","properties":{"kind":"street","label":"Arrow Hwy"},"geometry":{"type":"LineString","coordinates":[[-117.75615,34.08991],[-117.75546,34.08992],[-117.75521,34.08992]]}},{"type":"Feature","properties":{"kind":"street","label":"Mission Blvd"},"geometry":{"type":"LineString","coordinates":[[-117.76791,34.05467],[-117.76809,34.05466],[-117.76844,34.05466],[-117.7691,34.05465],[-117.7697,34.05464]]}},{"type":"Feature","properties":{"kind":"street","label":"Reservoir St"},"geometry":{"type":"LineString","coordinates":[[-117.73258,34.05513],[-117.73258,34.05504],[-117.73257,34.05454],[-117.73255,34.05381],[-117.73254,34.05365],[-117.73252,34.05303],[-117.7325,34.05239],[-117.7325,34.05238]]}},{"type":"Feature","properties":{"kind":"street","label":"Towne Ave"},"geometry":{"type":"LineString","coordinates":[[-117.73682,34.11019],[-117.73682,34.11084]]}},{"type":"Feature","properties":{"kind":"street","label":"Towne Ave"},"geometry":{"type":"LineString","coordinates":[[-117.74141,34.05806],[-117.74135,34.05816],[-117.74139,34.0594],[-117.7414,34.05967]]}},{"type":"Feature","properties":{"kind":"freeway","label":"SR-57"},"geometry":{"type":"LineString","coordinates":[[-117.8064,34.0644],[-117.80551,34.06149],[-117.80504,34.0601]]}},{"type":"Feature","properties":{"kind":"street","label":"San Antonio Ave"},"geometry":{"type":"LineString","coordinates":[[-117.73706,34.05868],[-117.73706,34.05862],[-117.73704,34.05815],[-117.73703,34.0577],[-117.73702,34.05724],[-117.73701,34.05678],[-117.73701,34.05665],[-117.73701,34.05636],[-117.73699,34.056],[-117.73699,34.0559],[-117.73698,34.05585]]}},{"type":"Feature","properties":{"kind":"street","label":"Reservoir St"},"geometry":{"type":"LineString","coordinates":[[-117.73276,34.06017],[-117.73279,34.06006],[-117.73279,34.05976],[-117.73278,34.05933],[-117.73275,34.05874]]}},{"type":"Feature","properties":{"kind":"street","label":"White Ave"},"geometry":{"type":"LineString","coordinates":[[-117.7612,34.08201],[-117.76166,34.08315],[-117.76225,34.0846],[-117.76335,34.08729]]}},{"type":"Feature","properties":{"kind":"street","label":"Indian Hill Blvd"},"geometry":{"type":"LineString","coordinates":[[-117.71926,34.07839],[-117.71926,34.0785],[-117.71926,34.07858]]}},{"type":"Feature","properties":{"kind":"street","label":"Holt Ave"},"geometry":{"type":"LineString","coordinates":[[-117.75353,34.0623],[-117.75305,34.06231],[-117.75269,34.06232]]}},{"type":"Feature","properties":{"kind":"street","label":"Towne Ave"},"geometry":{"type":"LineString","coordinates":[[-117.74091,34.04399],[-117.74089,34.04319],[-117.74089,34.04298],[-117.74087,34.04273],[-117.74085,34.04224],[-117.74082,34.04182],[-117.74077,34.04092],[-117.74076,34.04078],[-117.74076,34.04069],[-117.74074,34.04023],[-117.74073,34.03981],[-117.7407,34.03924],[-117.74068,34.03854],[-117.74063,34.03729],[-117.74062,34.03713],[-117.74062,34.03704],[-117.74061,34.03656],[-117.74057,34.03539],[-117.74057,34.03533],[-117.74056,34.03467],[-117.74055,34.03425],[-117.74054,34.03403],[-117.74053,34.03352]]}},{"type":"Feature","properties":{"kind":"street","label":"Arrow Hwy"},"geometry":{"type":"LineString","coordinates":[[-117.7604,34.09155],[-117.76016,34.09138],[-117.75995,34.09124]]}},{"type":"Feature","properties":{"kind":"street","label":"White Ave"},"geometry":{"type":"LineString","coordinates":[[-117.75888,34.05762],[-117.75888,34.05752],[-117.75888,34.05732],[-117.75887,34.05718],[-117.75886,34.05673],[-117.75884,34.05626],[-117.75883,34.05581],[-117.75882,34.05537],[-117.7588,34.05488],[-117.75879,34.05457],[-117.75875,34.05398],[-117.75873,34.05354],[-117.75873,34.05342],[-117.75871,34.05312]]}},{"type":"Feature","properties":{"kind":"street","label":"San Antonio Ave"},"geometry":{"type":"LineString","coordinates":[[-117.7371,34.05952],[-117.73711,34.05961],[-117.73711,34.05974],[-117.73712,34.0602],[-117.73713,34.06038],[-117.73714,34.06061]]}},{"type":"Feature","properties":{"kind":"street","label":"San Antonio Ave"},"geometry":{"type":"LineString","coordinates":[[-117.73675,34.08338],[-117.73675,34.08371],[-117.73676,34.08448],[-117.73676,34.0848],[-117.73676,34.0851],[-117.73677,34.08553],[-117.73677,34.08629]]}},{"type":"Feature","properties":{"kind":"street","label":"San Antonio Ave"},"geometry":{"type":"LineString","coordinates":[[-117.73667,34.06829],[-117.73667,34.06869],[-117.73667,34.06962],[-117.73668,34.07043],[-117.73668,34.07098],[-117.73669,34.07187],[-117.73669,34.07238],[-117.73671,34.07389],[-117.73671,34.07433],[-117.73671,34.07451],[-117.73671,34.0754]]}},{"type":"Feature","properties":{"kind":"street","label":"Holt Ave"},"geometry":{"type":"LineString","coordinates":[[-117.73598,34.06272],[-117.73581,34.06272],[-117.73555,34.06273],[-117.73478,34.06275],[-117.73448,34.06276],[-117.73338,34.0628],[-117.73332,34.0628]]}},{"type":"Feature","properties":{"kind":"street","label":"Arrow Hwy"},"geometry":{"type":"LineString","coordinates":[[-117.74091,34.08996],[-117.73938,34.08998],[-117.73909,34.08998],[-117.73894,34.08997],[-117.73831,34.08997],[-117.73805,34.08997],[-117.73774,34.08998],[-117.73767,34.08999],[-117.73749,34.09001]]}},{"type":"Feature","properties":{"kind":"street","label":"San Antonio Ave"},"geometry":{"type":"LineString","coordinates":[[-117.73673,34.07953],[-117.73673,34.07992]]}},{"type":"Feature","properties":{"kind":"freeway","label":"SR-60"},"geometry":{"type":"LineString","coordinates":[[-117.73988,34.02467],[-117.74056,34.02457]]}},{"type":"Feature","properties":{"kind":"freeway","label":"SR-60"},"geometry":{"type":"LineString","coordinates":[[-117.78168,34.0257],[-117.78067,34.02588],[-117.77986,34.02594],[-117.77893,34.02595],[-117.77807,34.02589],[-117.77746,34.0258],[-117.77676,34.02565],[-117.77614,34.02548],[-117.77571,34.02533]]}},{"type":"Feature","properties":{"kind":"freeway","label":"SR-60"},"geometry":{"type":"LineString","coordinates":[[-117.73496,34.02502],[-117.73566,34.02499],[-117.7362,34.02498],[-117.73803,34.02488],[-117.73922,34.02476],[-117.73988,34.02467]]}},{"type":"Feature","properties":{"kind":"freeway","label":"SR-60"},"geometry":{"type":"LineString","coordinates":[[-117.74748,34.02329],[-117.74484,34.02367],[-117.74245,34.02402],[-117.74057,34.0243]]}},{"type":"Feature","properties":{"kind":"freeway","label":"SR-60"},"geometry":{"type":"LineString","coordinates":[[-117.73987,34.02441],[-117.73903,34.02453],[-117.73824,34.02461],[-117.7364,34.02469]]}},{"type":"Feature","properties":{"kind":"freeway","label":"SR-60"},"geometry":{"type":"LineString","coordinates":[[-117.73111,34.02492],[-117.72996,34.02496],[-117.7295,34.02498]]}},{"type":"Feature","properties":{"kind":"street","label":"Garey Ave"},"geometry":{"type":"LineString","coordinates":[[-117.74859,34.10791],[-117.74859,34.108],[-117.74859,34.10827],[-117.74859,34.10843],[-117.74859,34.10862],[-117.74858,34.10917],[-117.74859,34.10955],[-117.7486,34.10998],[-117.7486,34.11017],[-117.74861,34.11031],[-117.74862,34.1108]]}},{"type":"Feature","properties":{"kind":"street","label":"Temple Ave"},"geometry":{"type":"LineString","coordinates":[[-117.79807,34.04055],[-117.79889,34.04144],[-117.79932,34.04191],[-117.79935,34.04194]]}},{"type":"Feature","properties":{"kind":"freeway","label":"SR-60"},"geometry":{"type":"LineString","coordinates":[[-117.74056,34.02457],[-117.74143,34.02444],[-117.74288,34.02421],[-117.74355,34.02411],[-117.74454,34.02397]]}},{"type":"Feature","properties":{"kind":"street","label":"Temple Ave"},"geometry":{"type":"LineString","coordinates":[[-117.81665,34.05015],[-117.81652,34.0501],[-117.81642,34.05006],[-117.81633,34.05003]]}},{"type":"Feature","properties":{"kind":"freeway","label":"I-10"},"geometry":{"type":"LineString","coordinates":[[-117.75922,34.07114],[-117.7582,34.07144],[-117.75712,34.0718],[-117.75526,34.07253]]}},{"type":"Feature","properties":{"kind":"freeway","label":"I-10"},"geometry":{"type":"LineString","coordinates":[[-117.728,34.08175],[-117.73177,34.08166]]}},{"type":"Feature","properties":{"kind":"street","label":"Towne Ave"},"geometry":{"type":"LineString","coordinates":[[-117.742,34.07707],[-117.7419,34.0774],[-117.74177,34.07774]]}},{"type":"Feature","properties":{"kind":"street","label":"Towne Ave"},"geometry":{"type":"LineString","coordinates":[[-117.74164,34.07803],[-117.7414,34.07854],[-117.74137,34.07859]]}},{"type":"Feature","properties":{"kind":"freeway","label":"I-10"},"geometry":{"type":"LineString","coordinates":[[-117.74185,34.07803],[-117.74131,34.07824]]}},{"type":"Feature","properties":{"kind":"freeway","label":"I-10"},"geometry":{"type":"LineString","coordinates":[[-117.74131,34.07824],[-117.73868,34.07932]]}},{"type":"Feature","properties":{"kind":"freeway","label":"I-10"},"geometry":{"type":"LineString","coordinates":[[-117.74123,34.07855],[-117.7417,34.07836]]}},{"type":"Feature","properties":{"kind":"freeway","label":"I-10"},"geometry":{"type":"LineString","coordinates":[[-117.7417,34.07836],[-117.74593,34.07668]]}},{"type":"Feature","properties":{"kind":"freeway","label":"I-10"},"geometry":{"type":"LineString","coordinates":[[-117.75521,34.07255],[-117.75516,34.07257]]}},{"type":"Feature","properties":{"kind":"freeway","label":"I-10"},"geometry":{"type":"LineString","coordinates":[[-117.75485,34.07269],[-117.75241,34.07368]]}},{"type":"Feature","properties":{"kind":"freeway","label":"I-10"},"geometry":{"type":"LineString","coordinates":[[-117.75486,34.07295],[-117.75522,34.07281]]}},{"type":"Feature","properties":{"kind":"freeway","label":"I-10"},"geometry":{"type":"LineString","coordinates":[[-117.75522,34.07281],[-117.75625,34.0724],[-117.75724,34.07203],[-117.75923,34.0714]]}},{"type":"Feature","properties":{"kind":"freeway","label":"I-10"},"geometry":{"type":"LineString","coordinates":[[-117.74984,34.07502],[-117.75241,34.07394]]}},{"type":"Feature","properties":{"kind":"freeway","label":"I-10"},"geometry":{"type":"LineString","coordinates":[[-117.75298,34.07371],[-117.75481,34.07297],[-117.75486,34.07295]]}},{"type":"Feature","properties":{"kind":"freeway","label":"I-10"},"geometry":{"type":"LineString","coordinates":[[-117.75241,34.07368],[-117.75004,34.07464]]}},{"type":"Feature","properties":{"kind":"freeway","label":"I-10"},"geometry":{"type":"LineString","coordinates":[[-117.75004,34.07464],[-117.74614,34.07622]]}},{"type":"Feature","properties":{"kind":"freeway","label":"I-10"},"geometry":{"type":"LineString","coordinates":[[-117.78476,34.07299],[-117.78565,34.073],[-117.78591,34.07301],[-117.78639,34.073],[-117.78686,34.07298],[-117.78744,34.07294],[-117.78772,34.07291],[-117.78802,34.07288],[-117.78837,34.07283],[-117.78874,34.07278],[-117.7891,34.07273],[-117.78941,34.07267],[-117.79009,34.07254],[-117.79048,34.07244],[-117.79068,34.07239]]}},{"type":"Feature","properties":{"kind":"freeway","label":"I-10"},"geometry":{"type":"LineString","coordinates":[[-117.73689,34.08031],[-117.73705,34.08025]]}},{"type":"Feature","properties":{"kind":"freeway","label":"I-10"},"geometry":{"type":"LineString","coordinates":[[-117.73689,34.08006],[-117.73661,34.08017]]}},{"type":"Feature","properties":{"kind":"freeway","label":"I-10"},"geometry":{"type":"LineString","coordinates":[[-117.73661,34.08017],[-117.73548,34.08063],[-117.73437,34.081],[-117.73342,34.08122],[-117.73246,34.08138],[-117.73198,34.08141]]}},{"type":"Feature","properties":{"kind":"freeway","label":"I-10"},"geometry":{"type":"LineString","coordinates":[[-117.73663,34.08042],[-117.73689,34.08031]]}},{"type":"Feature","properties":{"kind":"street","label":"Garey Ave"},"geometry":{"type":"LineString","coordinates":[[-117.75011,34.0565],[-117.75011,34.05635]]}},{"type":"Feature","properties":{"kind":"freeway","label":"SR-57"},"geometry":{"type":"LineString","coordinates":[[-117.80273,34.05259],[-117.80221,34.05096]]}},{"type":"Feature","properties":{"kind":"freeway","label":"SR-57"},"geometry":{"type":"LineString","coordinates":[[-117.80221,34.05096],[-117.80205,34.05047]]}},{"type":"Feature","properties":{"kind":"freeway","label":"SR-71"},"geometry":{"type":"LineString","coordinates":[[-117.74821,34.02255],[-117.74946,34.0237]]}},{"type":"Feature","properties":{"kind":"freeway","label":"SR-57"},"geometry":{"type":"LineString","coordinates":[[-117.80246,34.05278],[-117.80258,34.05319]]}},{"type":"Feature","properties":{"kind":"freeway","label":"SR-57"},"geometry":{"type":"LineString","coordinates":[[-117.80197,34.05117],[-117.80246,34.05278]]}},{"type":"Feature","properties":{"kind":"freeway","label":"SR-57"},"geometry":{"type":"LineString","coordinates":[[-117.80504,34.0601],[-117.80481,34.05931]]}},{"type":"Feature","properties":{"kind":"freeway","label":"SR-71"},"geometry":{"type":"LineString","coordinates":[[-117.74542,34.02002],[-117.74554,34.02012],[-117.74642,34.02089],[-117.74716,34.02154],[-117.74821,34.02255]]}},{"type":"Feature","properties":{"kind":"freeway","label":"SR-57"},"geometry":{"type":"LineString","coordinates":[[-117.80205,34.05047],[-117.80186,34.04982]]}},{"type":"Feature","properties":{"kind":"freeway","label":"SR-57"},"geometry":{"type":"LineString","coordinates":[[-117.81043,34.03081],[-117.81104,34.02975],[-117.81112,34.02959]]}},{"type":"Feature","properties":{"kind":"freeway","label":"SR-71"},"geometry":{"type":"LineString","coordinates":[[-117.78881,34.06123],[-117.78937,34.06162]]}},{"type":"Feature","properties":{"kind":"freeway","label":"SR-71"},"geometry":{"type":"LineString","coordinates":[[-117.7944,34.06371],[-117.79283,34.06316],[-117.79181,34.06274],[-117.79075,34.06224],[-117.79021,34.06193],[-117.78972,34.06162]]}},{"type":"Feature","properties":{"kind":"street","label":"Temple Ave"},"geometry":{"type":"LineString","coordinates":[[-117.80051,34.04317],[-117.80115,34.04388]]}},{"type":"Feature","properties":{"kind":"street","label":"Temple Ave"},"geometry":{"type":"LineString","coordinates":[[-117.80262,34.0452],[-117.8024,34.04498],[-117.80225,34.04482],[-117.80205,34.0446],[-117.80185,34.04439]]}},{"type":"Feature","properties":{"kind":"street","label":"Temple Ave"},"geometry":{"type":"LineString","coordinates":[[-117.8012,34.04373],[-117.80055,34.04302]]}},{"type":"Feature","properties":{"kind":"street","label":"Temple Ave"},"geometry":{"type":"LineString","coordinates":[[-117.8,34.0424],[-117.79961,34.04201],[-117.79946,34.04187]]}},{"type":"Feature","properties":{"kind":"freeway","label":"SR-71"},"geometry":{"type":"LineString","coordinates":[[-117.79677,34.06452],[-117.7962,34.06432],[-117.7944,34.06371]]}},{"type":"Feature","properties":{"kind":"freeway","label":"SR-71"},"geometry":{"type":"LineString","coordinates":[[-117.78937,34.06162],[-117.78991,34.06196],[-117.79043,34.06226],[-117.7908,34.06246],[-117.79128,34.06269],[-117.79167,34.06288],[-117.79209,34.06306],[-117.79246,34.06322],[-117.79299,34.06343],[-117.7934,34.06357],[-117.79409,34.06381]]}},{"type":"Feature","properties":{"kind":"freeway","label":"I-10"},"geometry":{"type":"LineString","coordinates":[[-117.80691,34.06497],[-117.80569,34.06549],[-117.80346,34.06652]]}},{"type":"Feature","properties":{"kind":"freeway","label":"I-10"},"geometry":{"type":"LineString","coordinates":[[-117.80713,34.06514],[-117.80732,34.06508]]}},{"type":"Feature","properties":{"kind":"freeway","label":"I-10"},"geometry":{"type":"LineString","coordinates":[[-117.79973,34.06857],[-117.80028,34.06832],[-117.80156,34.06769],[-117.80371,34.06667],[-117.80477,34.06618],[-117.80586,34.06568],[-117.80713,34.06514]]}},{"type":"Feature","properties":{"kind":"freeway","label":"SR-71"},"geometry":{"type":"LineString","coordinates":[[-117.78972,34.06162],[-117.78911,34.06119]]}},{"type":"Feature","properties":{"kind":"street","label":"Mission Blvd"},"geometry":{"type":"LineString","coordinates":[[-117.78953,34.05227],[-117.7894,34.0523],[-117.78905,34.05237],[-117.78837,34.05251],[-117.78793,34.05257]]}},{"type":"Feature","properties":{"kind":"street","label":"Mission Blvd"},"geometry":{"type":"LineString","coordinates":[[-117.77356,34.05452],[-117.7737,34.05451],[-117.77447,34.05441],[-117.77502,34.05435],[-117.77518,34.05433]]}},{"type":"Feature","properties":{"kind":"street","label":"Towne Ave"},"geometry":{"type":"LineString","coordinates":[[-117.74054,34.0803],[-117.74049,34.08042],[-117.74027,34.08094],[-117.74,34.08159],[-117.73989,34.08183],[-117.7398,34.082],[-117.73964,34.08228],[-117.73916,34.08306],[-117.73912,34.08313]]}},{"type":"Feature","properties":{"kind":"street","label":"Towne Ave"},"geometry":{"type":"LineString","coordinates":[[-117.73742,34.08665],[-117.73739,34.08672],[-117.73734,34.08681]]}},{"type":"Feature","properties":{"kind":"street","label":"Arrow Hwy"},"geometry":{"type":"LineString","coordinates":[[-117.73681,34.09007],[-117.73665,34.09008],[-117.73638,34.09011],[-117.73595,34.09015],[-117.73567,34.09016],[-117.7353,34.09019]]}},{"type":"Feature","properties":{"kind":"street","label":"Reservoir St"},"geometry":{"type":"LineString","coordinates":[[-117.73279,34.06124],[-117.7328,34.06142],[-117.73282,34.06189],[-117.73283,34.0623],[-117.73283,34.06236],[-117.73283,34.06238]]}},{"type":"Feature","properties":{"kind":"street","label":"Towne Ave"},"geometry":{"type":"LineString","coordinates":[[-117.74183,34.07071],[-117.74182,34.0708],[-117.74183,34.07123],[-117.74187,34.07174],[-117.74187,34.07185],[-117.74188,34.07229],[-117.74189,34.07272],[-117.74189,34.07283],[-117.74191,34.07329],[-117.74192,34.07358],[-117.74201,34.07544]]}},{"type":"Feature","properties":{"kind":"freeway","label":"I-10"},"geometry":{"type":"LineString","coordinates":[[-117.75923,34.0714],[-117.75956,34.07131]]}},{"type":"Feature","properties":{"kind":"freeway","label":"I-10"},"geometry":{"type":"LineString","coordinates":[[-117.79117,34.07194],[-117.79035,34.07219],[-117.78965,34.07236],[-117.78918,34.07246],[-117.78875,34.07253],[-117.78837,34.07259],[-117.788,34.07264],[-117.78763,34.07268],[-117.78726,34.07271],[-117.78695,34.07273],[-117.78664,34.07275],[-117.78626,34.07276],[-117.7859,34.07277],[-117.78544,34.07277],[-117.78488,34.07276]]}},{"type":"Feature","properties":{"kind":"freeway","label":"I-10"},"geometry":{"type":"LineString","coordinates":[[-117.81214,34.06377],[-117.81184,34.0638]]}},{"type":"Feature","properties":{"kind":"freeway","label":"I-10"},"geometry":{"type":"LineString","coordinates":[[-117.81184,34.0638],[-117.81126,34.06386],[-117.81069,34.06394],[-117.80986,34.0641]]}},{"type":"Feature","properties":{"kind":"freeway","label":"I-10"},"geometry":{"type":"LineString","coordinates":[[-117.75955,34.07106],[-117.75922,34.07114]]}},{"type":"Feature","properties":{"kind":"freeway","label":"I-10"},"geometry":{"type":"LineString","coordinates":[[-117.75956,34.07131],[-117.76032,34.07117],[-117.761,34.07108],[-117.76161,34.07102],[-117.76201,34.07101],[-117.7625,34.071]]}},{"type":"Feature","properties":{"kind":"freeway","label":"SR-57"},"geometry":{"type":"LineString","coordinates":[[-117.80485,34.06022],[-117.8062,34.06446]]}},{"type":"Feature","properties":{"kind":"freeway","label":"SR-57"},"geometry":{"type":"LineString","coordinates":[[-117.80673,34.06549],[-117.8064,34.0644]]}},{"type":"Feature","properties":{"kind":"street","label":"San Antonio Ave"},"geometry":{"type":"LineString","coordinates":[[-117.73682,34.05154],[-117.73681,34.05142],[-117.73679,34.05085],[-117.73674,34.04967],[-117.73669,34.04837],[-117.73669,34.04815],[-117.73667,34.04778],[-117.73666,34.04724],[-117.73665,34.04718],[-117.73665,34.04697],[-117.73665,34.04689],[-117.73663,34.04631]]}},{"type":"Feature","properties":{"kind":"freeway","label":"SR-71"},"geometry":{"type":"LineString","coordinates":[[-117.74852,34.02235],[-117.74743,34.02136],[-117.74614,34.02022],[-117.74602,34.02012]]}},{"type":"Feature","properties":{"kind":"freeway","label":"SR-60"},"geometry":{"type":"LineString","coordinates":[[-117.73183,34.02489],[-117.73111,34.02492]]}},{"type":"Feature","properties":{"kind":"freeway","label":"SR-60"},"geometry":{"type":"LineString","coordinates":[[-117.73112,34.02514],[-117.73183,34.02512]]}},{"type":"Feature","properties":{"kind":"freeway","label":"SR-60"},"geometry":{"type":"LineString","coordinates":[[-117.74057,34.0243],[-117.73987,34.02441]]}},{"type":"Feature","properties":{"kind":"freeway","label":"SR-71"},"geometry":{"type":"LineString","coordinates":[[-117.75012,34.02432],[-117.75194,34.02597],[-117.75274,34.02675],[-117.75401,34.02798]]}},{"type":"Feature","properties":{"kind":"freeway","label":"SR-71"},"geometry":{"type":"LineString","coordinates":[[-117.75067,34.02439],[-117.74869,34.02252]]}},{"type":"Feature","properties":{"kind":"freeway","label":"SR-71"},"geometry":{"type":"LineString","coordinates":[[-117.7859,34.05834],[-117.78598,34.05844]]}},{"type":"Feature","properties":{"kind":"freeway","label":"SR-71"},"geometry":{"type":"LineString","coordinates":[[-117.78539,34.05782],[-117.7859,34.05834]]}},{"type":"Feature","properties":{"kind":"freeway","label":"SR-71"},"geometry":{"type":"LineString","coordinates":[[-117.78911,34.06119],[-117.78824,34.06054],[-117.78767,34.06],[-117.78673,34.05906],[-117.78602,34.05834]]}},{"type":"Feature","properties":{"kind":"freeway","label":"SR-71"},"geometry":{"type":"LineString","coordinates":[[-117.78602,34.05834],[-117.7855,34.05781]]}},{"type":"Feature","properties":{"kind":"freeway","label":"SR-71"},"geometry":{"type":"LineString","coordinates":[[-117.7855,34.05781],[-117.78481,34.05708]]}},{"type":"Feature","properties":{"kind":"freeway","label":"SR-60"},"geometry":{"type":"LineString","coordinates":[[-117.74805,34.02321],[-117.74761,34.02327],[-117.74748,34.02329]]}},{"type":"Feature","properties":{"kind":"freeway","label":"SR-60"},"geometry":{"type":"LineString","coordinates":[[-117.74775,34.02348],[-117.74792,34.02345],[-117.7483,34.02341]]}},{"type":"Feature","properties":{"kind":"freeway","label":"SR-60"},"geometry":{"type":"LineString","coordinates":[[-117.77215,34.02434],[-117.77235,34.0244],[-117.77477,34.02523],[-117.77522,34.02539],[-117.7757,34.02556],[-117.77631,34.02576],[-117.77688,34.02591],[-117.77737,34.02602],[-117.77787,34.02607],[-117.7784,34.02614],[-117.77922,34.02616],[-117.77982,34.02615],[-117.78047,34.0261],[-117.78133,34.02598],[-117.78204,34.02585]]}},{"type":"Feature","properties":{"kind":"freeway","label":"SR-57"},"geometry":{"type":"LineString","coordinates":[[-117.80481,34.05931],[-117.80439,34.05797]]}},{"type":"Feature","properties":{"kind":"freeway","label":"SR-57"},"geometry":{"type":"LineString","coordinates":[[-117.8062,34.06446],[-117.80654,34.06558]]}},{"type":"Feature","properties":{"kind":"freeway","label":"SR-57"},"geometry":{"type":"LineString","coordinates":[[-117.8046,34.05938],[-117.80485,34.06022]]}},{"type":"Feature","properties":{"kind":"freeway","label":"SR-57"},"geometry":{"type":"LineString","coordinates":[[-117.8039,34.05631],[-117.80334,34.05456],[-117.80286,34.053]]}},{"type":"Feature","properties":{"kind":"freeway","label":"SR-57"},"geometry":{"type":"LineString","coordinates":[[-117.80403,34.05774],[-117.80411,34.05782],[-117.8046,34.05938]]}},{"type":"Feature","properties":{"kind":"freeway","label":"SR-57"},"geometry":{"type":"LineString","coordinates":[[-117.80389,34.05725],[-117.80403,34.05774]]}},{"type":"Feature","properties":{"kind":"freeway","label":"SR-57"},"geometry":{"type":"LineString","coordinates":[[-117.80286,34.053],[-117.80273,34.05259]]}},{"type":"Feature","properties":{"kind":"street","label":"Temple Ave"},"geometry":{"type":"LineString","coordinates":[[-117.80115,34.04388],[-117.80182,34.0446]]}},{"type":"Feature","properties":{"kind":"freeway","label":"SR-57"},"geometry":{"type":"LineString","coordinates":[[-117.80184,34.05073],[-117.80197,34.05117]]}},{"type":"Feature","properties":{"kind":"freeway","label":"SR-57"},"geometry":{"type":"LineString","coordinates":[[-117.80429,34.05755],[-117.80413,34.05704]]}},{"type":"Feature","properties":{"kind":"freeway","label":"SR-57"},"geometry":{"type":"LineString","coordinates":[[-117.80413,34.05704],[-117.80402,34.05666]]}},{"type":"Feature","properties":{"kind":"freeway","label":"SR-57"},"geometry":{"type":"LineString","coordinates":[[-117.80258,34.05319],[-117.80305,34.05467],[-117.80365,34.05643]]}},{"type":"Feature","properties":{"kind":"freeway","label":"SR-57"},"geometry":{"type":"LineString","coordinates":[[-117.80365,34.05643],[-117.80375,34.05678]]}},{"type":"Feature","properties":{"kind":"freeway","label":"SR-57"},"geometry":{"type":"LineString","coordinates":[[-117.80402,34.05666],[-117.8039,34.05631]]}},{"type":"Feature","properties":{"kind":"freeway","label":"SR-57"},"geometry":{"type":"LineString","coordinates":[[-117.80375,34.05678],[-117.80389,34.05725]]}},{"type":"Feature","properties":{"kind":"street","label":"Temple Ave"},"geometry":{"type":"LineString","coordinates":[[-117.80671,34.04678],[-117.80589,34.04665]]}},{"type":"Feature","properties":{"kind":"street","label":"Temple Ave"},"geometry":{"type":"LineString","coordinates":[[-117.80461,34.04636],[-117.80444,34.04629],[-117.80397,34.04611],[-117.80365,34.04594]]}},{"type":"Feature","properties":{"kind":"street","label":"Temple Ave"},"geometry":{"type":"LineString","coordinates":[[-117.81621,34.04998],[-117.81615,34.04995],[-117.81543,34.04967],[-117.81511,34.04954]]}},{"type":"Feature","properties":{"kind":"street","label":"Temple Ave"},"geometry":{"type":"LineString","coordinates":[[-117.81633,34.05003],[-117.81621,34.04998]]}},{"type":"Feature","properties":{"kind":"freeway","label":"SR-71"},"geometry":{"type":"LineString","coordinates":[[-117.77678,34.04912],[-117.76127,34.03451]]}},{"type":"Feature","properties":{"kind":"freeway","label":"SR-71"},"geometry":{"type":"LineString","coordinates":[[-117.75923,34.03243],[-117.7559,34.02933],[-117.75554,34.02898],[-117.75444,34.02798],[-117.75388,34.02745],[-117.75312,34.02671],[-117.75116,34.02485]]}},{"type":"Feature","properties":{"kind":"freeway","label":"SR-71"},"geometry":{"type":"LineString","coordinates":[[-117.77845,34.05089],[-117.78058,34.05289],[-117.78084,34.05313],[-117.7817,34.05401]]}},{"type":"Feature","properties":{"kind":"freeway","label":"SR-71"},"geometry":{"type":"LineString","coordinates":[[-117.78481,34.05708],[-117.7844,34.05664]]}},{"type":"Feature","properties":{"kind":"freeway","label":"SR-71"},"geometry":{"type":"LineString","coordinates":[[-117.78425,34.05664],[-117.78467,34.05707]]}},{"type":"Feature","properties":{"kind":"freeway","label":"SR-71"},"geometry":{"type":"LineString","coordinates":[[-117.78467,34.05707],[-117.785,34.05741],[-117.78539,34.05782]]}},{"type":"Feature","properties":{"kind":"freeway","label":"SR-71"},"geometry":{"type":"LineString","coordinates":[[-117.7844,34.05664],[-117.78431,34.05654]]}},{"type":"Feature","properties":{"kind":"street","label":"Mission Blvd"},"geometry":{"type":"LineString","coordinates":[[-117.78162,34.05338],[-117.78082,34.05348]]}},{"type":"Feature","properties":{"kind":"street","label":"Mission Blvd"},"geometry":{"type":"LineString","coordinates":[[-117.7743,34.05428],[-117.77367,34.05436],[-117.77353,34.05438]]}},{"type":"Feature","properties":{"kind":"street","label":"Mission Blvd"},"geometry":{"type":"LineString","coordinates":[[-117.78217,34.05345],[-117.78263,34.05339],[-117.78324,34.05331],[-117.78464,34.05314]]}},{"type":"Feature","properties":{"kind":"street","label":"Mission Blvd"},"geometry":{"type":"LineString","coordinates":[[-117.78094,34.0536],[-117.78175,34.0535]]}},{"type":"Feature","properties":{"kind":"street","label":"Temple Ave"},"geometry":{"type":"LineString","coordinates":[[-117.80182,34.0446],[-117.8025,34.04528]]}},{"type":"Feature","properties":{"kind":"freeway","label":"SR-71"},"geometry":{"type":"LineString","coordinates":[[-117.78186,34.05396],[-117.78067,34.05279],[-117.77982,34.05199],[-117.77892,34.05111]]}},{"type":"Feature","properties":{"kind":"freeway","label":"SR-71"},"geometry":{"type":"LineString","coordinates":[[-117.7817,34.05401],[-117.78197,34.05429],[-117.78297,34.05532],[-117.78322,34.05561],[-117.78361,34.05598],[-117.78425,34.05664]]}},{"type":"Feature","properties":{"kind":"freeway","label":"SR-71"},"geometry":{"type":"LineString","coordinates":[[-117.79409,34.06381],[-117.79597,34.06443],[-117.79628,34.06454],[-117.79642,34.0646]]}},{"type":"Feature","properties":{"kind":"freeway","label":"SR-71"},"geometry":{"type":"LineString","coordinates":[[-117.78598,34.05844],[-117.78617,34.05862],[-117.78673,34.05919],[-117.78802,34.06054],[-117.78843,34.06093],[-117.78881,34.06123]]}},{"type":"Feature","properties":{"kind":"street","label":"Garey Ave"},"geometry":{"type":"LineString","coordinates":[[-117.7446,34.02055],[-117.74391,34.01998],[-117.74375,34.01996]]}},{"type":"Feature","properties":{"kind":"street","label":"Mission Blvd"},"geometry":{"type":"LineString","coordinates":[[-117.79443,34.04996],[-117.79477,34.04977],[-117.79502,34.04956],[-117.7952,34.04938],[-117.79536,34.0492],[-117.79548,34.04903],[-117.7956,34.04886],[-117.79573,34.04858],[-117.79585,34.0483],[-117.79593,34.04801],[-117.79599,34.04772]]}},{"type":"Feature","properties":{"kind":"freeway","label":"I-10"},"geometry":{"type":"LineString","coordinates":[[-117.79753,34.06957],[-117.79843,34.06916],[-117.79942,34.06871],[-117.79973,34.06857]]}},{"type":"Feature","properties":{"kind":"street","label":"Valley Blvd"},"geometry":{"type":"LineString","coordinates":[[-117.79145,34.06137],[-117.79127,34.0613],[-117.79109,34.0613],[-117.79007,34.06132],[-117.78988,34.06132],[-117.78839,34.06137]]}},{"type":"Feature","properties":{"kind":"street","label":"Reservoir St"},"geometry":{"type":"LineString","coordinates":[[-117.73138,34.02459],[-117.73141,34.02531],[-117.73142,34.02545]]}},{"type":"Feature","properties":{"kind":"street","label":"Reservoir St"},"geometry":{"type":"LineString","coordinates":[[-117.7314,34.02141],[-117.73133,34.02165],[-117.73129,34.02196],[-117.73129,34.02223],[-117.73129,34.02236],[-117.7313,34.02254],[-117.73131,34.02288],[-117.73132,34.0232]]}},{"type":"Feature","properties":{"kind":"street","label":"Reservoir St"},"geometry":{"type":"LineString","coordinates":[[-117.7315,34.02346],[-117.73145,34.02233],[-117.73145,34.02222],[-117.73145,34.02209],[-117.73145,34.02199],[-117.73148,34.02169]]}},{"type":"Feature","properties":{"kind":"street","label":"Temple Ave"},"geometry":{"type":"LineString","coordinates":[[-117.81658,34.05025],[-117.81675,34.05029],[-117.817,34.05036],[-117.81723,34.0504],[-117.81756,34.05046],[-117.8179,34.05051],[-117.81796,34.05051]]}},{"type":"Feature","properties":{"kind":"street","label":"Temple Ave"},"geometry":{"type":"LineString","coordinates":[[-117.81817,34.0504],[-117.81783,34.05038],[-117.81735,34.05031],[-117.81696,34.05023],[-117.81681,34.05019],[-117.81665,34.05015]]}},{"type":"Feature","properties":{"kind":"street","label":"Temple Ave"},"geometry":{"type":"LineString","coordinates":[[-117.81927,34.05055],[-117.81988,34.05055]]}},{"type":"Feature","properties":{"kind":"street","label":"Temple Ave"},"geometry":{"type":"LineString","coordinates":[[-117.82159,34.05044],[-117.82145,34.05044],[-117.82068,34.05043]]}},{"type":"Feature","properties":{"kind":"street","label":"Temple Ave"},"geometry":{"type":"LineString","coordinates":[[-117.82068,34.05055],[-117.82085,34.05056],[-117.82152,34.05056]]}},{"type":"Feature","properties":{"kind":"street","label":"Temple Ave"},"geometry":{"type":"LineString","coordinates":[[-117.82068,34.05043],[-117.82055,34.05043],[-117.81817,34.0504]]}},{"type":"Feature","properties":{"kind":"street","label":"Temple Ave"},"geometry":{"type":"LineString","coordinates":[[-117.81988,34.05055],[-117.82013,34.05055]]}},{"type":"Feature","properties":{"kind":"street","label":"Temple Ave"},"geometry":{"type":"LineString","coordinates":[[-117.82013,34.05055],[-117.82055,34.05055],[-117.82068,34.05055]]}},{"type":"Feature","properties":{"kind":"street","label":"Valley Blvd"},"geometry":{"type":"LineString","coordinates":[[-117.81369,34.04675],[-117.81381,34.04668],[-117.81426,34.0461],[-117.81469,34.04554],[-117.81551,34.04454],[-117.81592,34.04401],[-117.81604,34.04386]]}},{"type":"Feature","properties":{"kind":"street","label":"Valley Blvd"},"geometry":{"type":"LineString","coordinates":[[-117.82628,34.03224],[-117.82607,34.03249],[-117.82586,34.03276],[-117.8257,34.03301],[-117.82555,34.03327],[-117.82548,34.03343]]}},{"type":"Feature","properties":{"kind":"street","label":"Valley Blvd"},"geometry":{"type":"LineString","coordinates":[[-117.81614,34.04354],[-117.81599,34.04372],[-117.81591,34.04381]]}},{"type":"Feature","properties":{"kind":"street","label":"Valley Blvd"},"geometry":{"type":"LineString","coordinates":[[-117.82232,34.03946],[-117.82277,34.03921]]}},{"type":"Feature","properties":{"kind":"street","label":"Valley Blvd"},"geometry":{"type":"LineString","coordinates":[[-117.81885,34.04168],[-117.81907,34.04152],[-117.81928,34.04138]]}},{"type":"Feature","properties":{"kind":"street","label":"Valley Blvd"},"geometry":{"type":"LineString","coordinates":[[-117.82445,34.03764],[-117.82451,34.03751]]}},{"type":"Feature","properties":{"kind":"street","label":"Valley Blvd"},"geometry":{"type":"LineString","coordinates":[[-117.81801,34.04211],[-117.81793,34.04218]]}},{"type":"Feature","properties":{"kind":"street","label":"Valley Blvd"},"geometry":{"type":"LineString","coordinates":[[-117.81837,34.04187],[-117.81811,34.04205],[-117.81801,34.04211]]}},{"type":"Feature","properties":{"kind":"street","label":"Valley Blvd"},"geometry":{"type":"LineString","coordinates":[[-117.81793,34.04218],[-117.81758,34.04241]]}},{"type":"Feature","properties":{"kind":"street","label":"Valley Blvd"},"geometry":{"type":"LineString","coordinates":[[-117.82023,34.04072],[-117.82034,34.04064]]}},{"type":"Feature","properties":{"kind":"street","label":"Valley Blvd"},"geometry":{"type":"LineString","coordinates":[[-117.81928,34.04138],[-117.82007,34.04084],[-117.82023,34.04072]]}},{"type":"Feature","properties":{"kind":"street","label":"Valley Blvd"},"geometry":{"type":"LineString","coordinates":[[-117.81459,34.04549],[-117.81386,34.04644]]}},{"type":"Feature","properties":{"kind":"street","label":"Valley Blvd"},"geometry":{"type":"LineString","coordinates":[[-117.82033,34.0405],[-117.82018,34.04061]]}},{"type":"Feature","properties":{"kind":"street","label":"Valley Blvd"},"geometry":{"type":"LineString","coordinates":[[-117.81482,34.0452],[-117.81459,34.04549]]}},{"type":"Feature","properties":{"kind":"street","label":"Valley Blvd"},"geometry":{"type":"LineString","coordinates":[[-117.80911,34.05267],[-117.80843,34.05354],[-117.80793,34.05409]]}},{"type":"Feature","properties":{"kind":"street","label":"Valley Blvd"},"geometry":{"type":"LineString","coordinates":[[-117.82398,34.03809],[-117.82374,34.03834],[-117.82355,34.03852]]}},{"type":"Feature","properties":{"kind":"street","label":"Valley Blvd"},"geometry":{"type":"LineString","coordinates":[[-117.81386,34.04644],[-117.81371,34.04663],[-117.81369,34.04675]]}},{"type":"Feature","properties":{"kind":"street","label":"Valley Blvd"},"geometry":{"type":"LineString","coordinates":[[-117.82018,34.04061],[-117.81997,34.04075],[-117.81919,34.0413],[-117.81837,34.04187]]}},{"type":"Feature","properties":{"kind":"street","label":"Valley Blvd"},"geometry":{"type":"LineString","coordinates":[[-117.8233,34.03889],[-117.82346,34.03876],[-117.82365,34.03861]]}},{"type":"Feature","properties":{"kind":"street","label":"Valley Blvd"},"geometry":{"type":"LineString","coordinates":[[-117.82422,34.03799],[-117.82432,34.03784],[-117.82445,34.03764]]}},{"type":"Feature","properties":{"kind":"street","label":"Valley Blvd"},"geometry":{"type":"LineString","coordinates":[[-117.82277,34.03921],[-117.82307,34.03904],[-117.8233,34.03889]]}},{"type":"Feature","properties":{"kind":"street","label":"Valley Blvd"},"geometry":{"type":"LineString","coordinates":[[-117.81591,34.04381],[-117.81482,34.0452]]}},{"type":"Feature","properties":{"kind":"street","label":"Valley Blvd"},"geometry":{"type":"LineString","coordinates":[[-117.82365,34.03861],[-117.82377,34.03849],[-117.82396,34.03829],[-117.82415,34.03807],[-117.82422,34.03799]]}},{"type":"Feature","properties":{"kind":"street","label":"Valley Blvd"},"geometry":{"type":"LineString","coordinates":[[-117.82451,34.03751],[-117.82457,34.0374],[-117.82467,34.03718],[-117.82475,34.03698],[-117.82478,34.03687]]}},{"type":"Feature","properties":{"kind":"street","label":"Valley Blvd"},"geometry":{"type":"LineString","coordinates":[[-117.82034,34.04064],[-117.82086,34.04029],[-117.82106,34.04015],[-117.82135,34.03997],[-117.82192,34.03967],[-117.82232,34.03946]]}},{"type":"Feature","properties":{"kind":"street","label":"Valley Blvd"},"geometry":{"type":"LineString","coordinates":[[-117.81758,34.04241],[-117.81733,34.04258],[-117.81726,34.04264],[-117.8171,34.04275],[-117.81681,34.04296],[-117.81656,34.04314],[-117.81632,34.04336],[-117.81614,34.04354]]}},{"type":"Feature","properties":{"kind":"street","label":"Valley Blvd"},"geometry":{"type":"LineString","coordinates":[[-117.82355,34.03852],[-117.82332,34.03872],[-117.82314,34.03884],[-117.82307,34.0389],[-117.82285,34.03904],[-117.82268,34.03913],[-117.82182,34.03959],[-117.82124,34.0399],[-117.82085,34.04014],[-117.82033,34.0405]]}},{"type":"Feature","properties":{"kind":"street","label":"Valley Blvd"},"geometry":{"type":"LineString","coordinates":[[-117.82807,34.03085],[-117.82788,34.03095],[-117.82776,34.03102],[-117.82752,34.03117],[-117.82713,34.03144],[-117.82703,34.03152],[-117.82694,34.03159],[-117.82676,34.03175],[-117.82654,34.03196]]}},{"type":"Feature","properties":{"kind":"street","label":"Valley Blvd"},"geometry":{"type":"LineString","coordinates":[[-117.82478,34.03687],[-117.82482,34.03672],[-117.8251,34.03524]]}},{"type":"Feature","properties":{"kind":"street","label":"Valley Blvd"},"geometry":{"type":"LineString","coordinates":[[-117.82654,34.03196],[-117.82628,34.03224]]}},{"type":"Feature","properties":{"kind":"street","label":"Garey Ave"},"geometry":{"type":"LineString","coordinates":[[-117.7498,34.04822],[-117.74979,34.04784]]}},{"type":"Feature","properties":{"kind":"street","label":"Garey Ave"},"geometry":{"type":"LineString","coordinates":[[-117.74974,34.04463],[-117.74974,34.04436],[-117.74973,34.04419]]}},{"type":"Feature","properties":{"kind":"street","label":"Garey Ave"},"geometry":{"type":"LineString","coordinates":[[-117.74932,34.03653],[-117.74934,34.0368],[-117.74934,34.03691]]}},{"type":"Feature","properties":{"kind":"street","label":"Garey Ave"},"geometry":{"type":"LineString","coordinates":[[-117.74979,34.04784],[-117.74978,34.0474]]}},{"type":"Feature","properties":{"kind":"street","label":"Garey Ave"},"geometry":{"type":"LineString","coordinates":[[-117.74958,34.04374],[-117.74959,34.04405],[-117.7496,34.0442]]}},{"type":"Feature","properties":{"kind":"street","label":"Garey Ave"},"geometry":{"type":"LineString","coordinates":[[-117.74954,34.03908],[-117.74953,34.03889],[-117.74952,34.0388]]}},{"type":"Feature","properties":{"kind":"street","label":"Garey Ave"},"geometry":{"type":"LineString","coordinates":[[-117.74937,34.0346],[-117.74935,34.03386],[-117.74935,34.03376]]}},{"type":"Feature","properties":{"kind":"street","label":"Garey Ave"},"geometry":{"type":"LineString","coordinates":[[-117.74952,34.04212],[-117.74953,34.04232],[-117.74953,34.04241]]}},{"type":"Feature","properties":{"kind":"street","label":"Garey Ave"},"geometry":{"type":"LineString","coordinates":[[-117.74952,34.0388],[-117.74946,34.03738]]}},{"type":"Feature","properties":{"kind":"street","label":"Garey Ave"},"geometry":{"type":"LineString","coordinates":[[-117.74924,34.03425],[-117.74925,34.0346]]}},{"type":"Feature","properties":{"kind":"street","label":"Garey Ave"},"geometry":{"type":"LineString","coordinates":[[-117.74925,34.0346],[-117.74927,34.03502],[-117.74928,34.03529],[-117.74929,34.03555],[-117.74929,34.0357],[-117.7493,34.03595],[-117.74932,34.03653]]}},{"type":"Feature","properties":{"kind":"street","label":"Garey Ave"},"geometry":{"type":"LineString","coordinates":[[-117.74953,34.04241],[-117.74957,34.04348],[-117.74958,34.04365],[-117.74958,34.04374]]}},{"type":"Feature","properties":{"kind":"street","label":"Garey Ave"},"geometry":{"type":"LineString","coordinates":[[-117.74938,34.03496],[-117.74937,34.0346]]}},{"type":"Feature","properties":{"kind":"street","label":"Garey Ave"},"geometry":{"type":"LineString","coordinates":[[-117.74973,34.04419],[-117.74971,34.04365],[-117.74967,34.04286]]}},{"type":"Feature","properties":{"kind":"street","label":"Garey Ave"},"geometry":{"type":"LineString","coordinates":[[-117.74956,34.04097],[-117.74955,34.04087],[-117.74954,34.04057]]}},{"type":"Feature","properties":{"kind":"street","label":"Garey Ave"},"geometry":{"type":"LineString","coordinates":[[-117.74946,34.03738],[-117.74946,34.03709],[-117.74945,34.03691]]}},{"type":"Feature","properties":{"kind":"street","label":"Garey Ave"},"geometry":{"type":"LineString","coordinates":[[-117.74945,34.03691],[-117.74945,34.03682],[-117.74945,34.03671]]}},{"type":"Feature","properties":{"kind":"street","label":"Garey Ave"},"geometry":{"type":"LineString","coordinates":[[-117.74895,34.02606],[-117.74898,34.02705],[-117.74899,34.02721],[-117.74901,34.02799]]}},{"type":"Feature","properties":{"kind":"street","label":"Garey Ave"},"geometry":{"type":"LineString","coordinates":[[-117.74967,34.04286],[-117.74965,34.04259],[-117.74965,34.04252]]}},{"type":"Feature","properties":{"kind":"street","label":"Garey Ave"},"geometry":{"type":"LineString","coordinates":[[-117.74956,34.04097],[-117.74948,34.04106],[-117.74949,34.0412],[-117.7495,34.04149],[-117.74951,34.04169],[-117.74952,34.04212]]}},{"type":"Feature","properties":{"kind":"street","label":"Garey Ave"},"geometry":{"type":"LineString","coordinates":[[-117.74965,34.04241],[-117.74961,34.04105],[-117.74956,34.04097]]}},{"type":"Feature","properties":{"kind":"street","label":"Garey Ave"},"geometry":{"type":"LineString","coordinates":[[-117.74935,34.03376],[-117.74933,34.0335],[-117.74933,34.03336]]}},{"type":"Feature","properties":{"kind":"street","label":"Garey Ave"},"geometry":{"type":"LineString","coordinates":[[-117.74948,34.04016],[-117.74949,34.04047],[-117.74954,34.04057]]}},{"type":"Feature","properties":{"kind":"street","label":"Garey Ave"},"geometry":{"type":"LineString","coordinates":[[-117.74954,34.04057],[-117.74958,34.04046],[-117.74958,34.04028],[-117.74958,34.04014],[-117.74954,34.03908]]}},{"type":"Feature","properties":{"kind":"street","label":"Garey Ave"},"geometry":{"type":"LineString","coordinates":[[-117.74941,34.0389],[-117.74942,34.03908],[-117.74948,34.04016]]}},{"type":"Feature","properties":{"kind":"street","label":"Garey Ave"},"geometry":{"type":"LineString","coordinates":[[-117.7496,34.0442],[-117.74961,34.04466],[-117.74961,34.04477],[-117.74963,34.04566],[-117.74964,34.04584],[-117.74966,34.04613],[-117.74968,34.04645],[-117.7497,34.04699],[-117.74971,34.04713],[-117.74972,34.04727],[-117.74972,34.04734],[-117.74978,34.0474]]}},{"type":"Feature","properties":{"kind":"street","label":"Garey Ave"},"geometry":{"type":"LineString","coordinates":[[-117.74978,34.0474],[-117.74982,34.04733],[-117.7498,34.04644],[-117.74979,34.04612],[-117.74978,34.04601],[-117.74976,34.04526],[-117.74975,34.04496],[-117.74974,34.04463]]}},{"type":"Feature","properties":{"kind":"street","label":"Garey Ave"},"geometry":{"type":"LineString","coordinates":[[-117.74992,34.04967],[-117.74988,34.04877],[-117.74987,34.04834],[-117.7498,34.04822]]}},{"type":"Feature","properties":{"kind":"street","label":"Garey Ave"},"geometry":{"type":"LineString","coordinates":[[-117.74992,34.05148],[-117.74991,34.05109]]}},{"type":"Feature","properties":{"kind":"street","label":"Garey Ave"},"geometry":{"type":"LineString","coordinates":[[-117.74993,34.05186],[-117.74992,34.05148]]}},{"type":"Feature","properties":{"kind":"street","label":"Garey Ave"},"geometry":{"type":"LineString","coordinates":[[-117.74996,34.05293],[-117.74995,34.05244],[-117.74994,34.05225],[-117.74994,34.05203],[-117.74993,34.05186]]}},{"type":"Feature","properties":{"kind":"street","label":"Reservoir St"},"geometry":{"type":"LineString","coordinates":[[-117.73232,34.04826],[-117.7323,34.04787]]}},{"type":"Feature","properties":{"kind":"street","label":"Reservoir St"},"geometry":{"type":"LineString","coordinates":[[-117.73202,34.04051],[-117.732,34.0399],[-117.73199,34.03976],[-117.73198,34.03953],[-117.73197,34.03926]]}},{"type":"Feature","properties":{"kind":"street","label":"Reservoir St"},"geometry":{"type":"LineString","coordinates":[[-117.7325,34.05238],[-117.73249,34.05189]]}},{"type":"Feature","properties":{"kind":"street","label":"Reservoir St"},"geometry":{"type":"LineString","coordinates":[[-117.73205,34.04137],[-117.73204,34.04097]]}},{"type":"Feature","properties":{"kind":"street","label":"Reservoir St"},"geometry":{"type":"LineString","coordinates":[[-117.73202,34.04061],[-117.73202,34.04051]]}},{"type":"Feature","properties":{"kind":"street","label":"Reservoir St"},"geometry":{"type":"LineString","coordinates":[[-117.7323,34.04787],[-117.73228,34.0475],[-117.73227,34.04693],[-117.73226,34.04663],[-117.73225,34.04631],[-117.73224,34.04613],[-117.73223,34.04592],[-117.73223,34.0457],[-117.73222,34.04549],[-117.73222,34.04541],[-117.7322,34.04506]]}},{"type":"Feature","properties":{"kind":"street","label":"Reservoir St"},"geometry":{"type":"LineString","coordinates":[[-117.73249,34.05189],[-117.73247,34.05152]]}},{"type":"Feature","properties":{"kind":"street","label":"Reservoir St"},"geometry":{"type":"LineString","coordinates":[[-117.73197,34.03926],[-117.73196,34.03903]]}},{"type":"Feature","properties":{"kind":"street","label":"Reservoir St"},"geometry":{"type":"LineString","coordinates":[[-117.73217,34.04423],[-117.73213,34.04321],[-117.73212,34.04297],[-117.73211,34.04273],[-117.7321,34.04236],[-117.73207,34.04169],[-117.73205,34.04137]]}},{"type":"Feature","properties":{"kind":"street","label":"Reservoir St"},"geometry":{"type":"LineString","coordinates":[[-117.7319,34.03768],[-117.73188,34.03738]]}},{"type":"Feature","properties":{"kind":"street","label":"Reservoir St"},"geometry":{"type":"LineString","coordinates":[[-117.73234,34.04868],[-117.73232,34.04826]]}},{"type":"Feature","properties":{"kind":"street","label":"Reservoir St"},"geometry":{"type":"LineString","coordinates":[[-117.73204,34.04097],[-117.73202,34.04061]]}},{"type":"Feature","properties":{"kind":"street","label":"Reservoir St"},"geometry":{"type":"LineString","coordinates":[[-117.7322,34.04506],[-117.7322,34.04497],[-117.73219,34.04463]]}},{"type":"Feature","properties":{"kind":"street","label":"Reservoir St"},"geometry":{"type":"LineString","coordinates":[[-117.73188,34.03738],[-117.73188,34.03708]]}},{"type":"Feature","properties":{"kind":"street","label":"Reservoir St"},"geometry":{"type":"LineString","coordinates":[[-117.73219,34.04463],[-117.73217,34.04423]]}},{"type":"Feature","properties":{"kind":"street","label":"Reservoir St"},"geometry":{"type":"LineString","coordinates":[[-117.73196,34.03903],[-117.73196,34.03897],[-117.73195,34.03878],[-117.7319,34.03768]]}},{"type":"Feature","properties":{"kind":"street","label":"Reservoir St"},"geometry":{"type":"LineString","coordinates":[[-117.73247,34.05152],[-117.73244,34.05108],[-117.73243,34.05085],[-117.73242,34.05061],[-117.73241,34.05048],[-117.73241,34.05031],[-117.73239,34.05001],[-117.73239,34.0498],[-117.73236,34.04923],[-117.73235,34.04909],[-117.73234,34.04868]]}},{"type":"Feature","properties":{"kind":"street","label":"Reservoir St"},"geometry":{"type":"LineString","coordinates":[[-117.73154,34.02688],[-117.73152,34.02647]]}},{"type":"Feature","properties":{"kind":"street","label":"Garey Ave"},"geometry":{"type":"LineString","coordinates":[[-117.74992,34.04998],[-117.74992,34.04967]]}},{"type":"Feature","properties":{"kind":"street","label":"Garey Ave"},"geometry":{"type":"LineString","coordinates":[[-117.7498,34.04937],[-117.74981,34.04967]]}},{"type":"Feature","properties":{"kind":"street","label":"Garey Ave"},"geometry":{"type":"LineString","coordinates":[[-117.74981,34.04967],[-117.74984,34.05057],[-117.74986,34.05099],[-117.74991,34.05109]]}},{"type":"Feature","properties":{"kind":"street","label":"Garey Ave"},"geometry":{"type":"LineString","coordinates":[[-117.74991,34.05109],[-117.74997,34.05097],[-117.74995,34.05057],[-117.74992,34.04998]]}},{"type":"Feature","properties":{"kind":"street","label":"Garey Ave"},"geometry":{"type":"LineString","coordinates":[[-117.7498,34.04822],[-117.74975,34.04831],[-117.74976,34.04845],[-117.74978,34.04878],[-117.7498,34.04937]]}},{"type":"Feature","properties":{"kind":"street","label":"Garey Ave"},"geometry":{"type":"LineString","coordinates":[[-117.74918,34.03276],[-117.7492,34.03316],[-117.7492,34.03331]]}},{"type":"Feature","properties":{"kind":"street","label":"Garey Ave"},"geometry":{"type":"LineString","coordinates":[[-117.74926,34.03167],[-117.74926,34.03158],[-117.74925,34.03142]]}},{"type":"Feature","properties":{"kind":"street","label":"Garey Ave"},"geometry":{"type":"LineString","coordinates":[[-117.74932,34.03326],[-117.7493,34.03276],[-117.74926,34.03167]]}},{"type":"Feature","properties":{"kind":"street","label":"Garey Ave"},"geometry":{"type":"LineString","coordinates":[[-117.7492,34.03331],[-117.74921,34.03351],[-117.74923,34.03392],[-117.74924,34.03425]]}},{"type":"Feature","properties":{"kind":"street","label":"Reservoir St"},"geometry":{"type":"LineString","coordinates":[[-117.73174,34.03273],[-117.73173,34.03248]]}},{"type":"Feature","properties":{"kind":"street","label":"Reservoir St"},"geometry":{"type":"LineString","coordinates":[[-117.73179,34.03372],[-117.73177,34.03338],[-117.73177,34.03332]]}},{"type":"Feature","properties":{"kind":"street","label":"Reservoir St"},"geometry":{"type":"LineString","coordinates":[[-117.73132,34.0232],[-117.73133,34.02347]]}},{"type":"Feature","properties":{"kind":"street","label":"Reservoir St"},"geometry":{"type":"LineString","coordinates":[[-117.73152,34.02647],[-117.7316,34.02636],[-117.73158,34.02584]]}},{"type":"Feature","properties":{"kind":"street","label":"Reservoir St"},"geometry":{"type":"LineString","coordinates":[[-117.73163,34.03011],[-117.73162,34.02983]]}},{"type":"Feature","properties":{"kind":"street","label":"Reservoir St"},"geometry":{"type":"LineString","coordinates":[[-117.73177,34.03332],[-117.73177,34.03325],[-117.73176,34.0332],[-117.73174,34.03273]]}},{"type":"Feature","properties":{"kind":"street","label":"Reservoir St"},"geometry":{"type":"LineString","coordinates":[[-117.73152,34.02398],[-117.7315,34.02346]]}},{"type":"Feature","properties":{"kind":"street","label":"Reservoir St"},"geometry":{"type":"LineString","coordinates":[[-117.73162,34.02983],[-117.73161,34.02952],[-117.73156,34.02823],[-117.73156,34.02799],[-117.73155,34.02721],[-117.73154,34.02694],[-117.73154,34.02688]]}},{"type":"Feature","properties":{"kind":"street","label":"Reservoir St"},"geometry":{"type":"LineString","coordinates":[[-117.7318,34.03417],[-117.73179,34.03402],[-117.73179,34.03372]]}},{"type":"Feature","properties":{"kind":"street","label":"Reservoir St"},"geometry":{"type":"LineString","coordinates":[[-117.73164,34.03039],[-117.73163,34.03011]]}},{"type":"Feature","properties":{"kind":"street","label":"Reservoir St"},"geometry":{"type":"LineString","coordinates":[[-117.73188,34.03708],[-117.73187,34.03676],[-117.73186,34.03645],[-117.73186,34.03631],[-117.73185,34.036],[-117.73184,34.03586],[-117.73184,34.03559],[-117.73183,34.0355],[-117.73183,34.03528],[-117.73182,34.03491],[-117.73181,34.03447],[-117.7318,34.03421],[-117.7318,34.03417]]}},{"type":"Feature","properties":{"kind":"street","label":"Reservoir St"},"geometry":{"type":"LineString","coordinates":[[-117.73173,34.03248],[-117.73171,34.03203],[-117.7317,34.03189],[-117.73169,34.0316],[-117.73167,34.03101],[-117.73164,34.03039]]}},{"type":"Feature","properties":{"kind":"street","label":"Reservoir St"},"geometry":{"type":"LineString","coordinates":[[-117.73133,34.02347],[-117.73135,34.02398],[-117.73136,34.02412]]}},{"type":"Feature","properties":{"kind":"street","label":"Reservoir St"},"geometry":{"type":"LineString","coordinates":[[-117.73148,34.02169],[-117.7315,34.02161],[-117.73158,34.02136]]}},{"type":"Feature","properties":{"kind":"street","label":"Reservoir St"},"geometry":{"type":"LineString","coordinates":[[-117.73158,34.02136],[-117.73163,34.02123],[-117.73172,34.02096]]}},{"type":"Feature","properties":{"kind":"street","label":"Reservoir St"},"geometry":{"type":"LineString","coordinates":[[-117.73154,34.02458],[-117.73154,34.02447],[-117.73152,34.02402],[-117.73152,34.02398]]}},{"type":"Feature","properties":{"kind":"street","label":"Reservoir St"},"geometry":{"type":"LineString","coordinates":[[-117.7315,34.02113],[-117.73145,34.02127],[-117.73143,34.02132]]}},{"type":"Feature","properties":{"kind":"street","label":"Reservoir St"},"geometry":{"type":"LineString","coordinates":[[-117.7317,34.0206],[-117.73164,34.0207],[-117.73163,34.02075]]}},{"type":"Feature","properties":{"kind":"street","label":"Reservoir St"},"geometry":{"type":"LineString","coordinates":[[-117.73172,34.02096],[-117.73175,34.02084],[-117.73176,34.02077],[-117.73177,34.02064],[-117.73173,34.02059]]}},{"type":"Feature","properties":{"kind":"street","label":"Garey Ave"},"geometry":{"type":"LineString","coordinates":[[-117.74913,34.02799],[-117.74909,34.02652],[-117.74909,34.02644]]}},{"type":"Feature","properties":{"kind":"street","label":"Garey Ave"},"geometry":{"type":"LineString","coordinates":[[-117.74925,34.03142],[-117.7492,34.03011]]}},{"type":"Feature","properties":{"kind":"street","label":"Garey Ave"},"geometry":{"type":"LineString","coordinates":[[-117.74906,34.02928],[-117.74907,34.02955],[-117.74907,34.02968]]}},{"type":"Feature","properties":{"kind":"street","label":"Garey Ave"},"geometry":{"type":"LineString","coordinates":[[-117.74914,34.03143],[-117.74916,34.03204],[-117.74916,34.03211],[-117.74917,34.03227],[-117.74917,34.03242],[-117.74918,34.03276]]}},{"type":"Feature","properties":{"kind":"street","label":"Garey Ave"},"geometry":{"type":"LineString","coordinates":[[-117.74914,34.02822],[-117.74913,34.02799]]}},{"type":"Feature","properties":{"kind":"street","label":"Garey Ave"},"geometry":{"type":"LineString","coordinates":[[-117.74894,34.02568],[-117.74894,34.02589],[-117.74895,34.02606]]}},{"type":"Feature","properties":{"kind":"street","label":"Garey Ave"},"geometry":{"type":"LineString","coordinates":[[-117.74913,34.03118],[-117.74913,34.03124],[-117.74914,34.03143]]}},{"type":"Feature","properties":{"kind":"street","label":"Garey Ave"},"geometry":{"type":"LineString","coordinates":[[-117.7492,34.03011],[-117.7492,34.02981],[-117.74919,34.02968]]}},{"type":"Feature","properties":{"kind":"street","label":"Garey Ave"},"geometry":{"type":"LineString","coordinates":[[-117.74909,34.02644],[-117.74908,34.02625],[-117.74907,34.02606]]}},{"type":"Feature","properties":{"kind":"street","label":"Garey Ave"},"geometry":{"type":"LineString","coordinates":[[-117.74907,34.02968],[-117.74909,34.03028],[-117.74912,34.03092],[-117.74913,34.03118]]}},{"type":"Feature","properties":{"kind":"street","label":"Garey Ave"},"geometry":{"type":"LineString","coordinates":[[-117.74919,34.02968],[-117.74917,34.02912],[-117.74914,34.02822]]}},{"type":"Feature","properties":{"kind":"street","label":"Garey Ave"},"geometry":{"type":"LineString","coordinates":[[-117.74564,34.0217],[-117.74627,34.02218],[-117.74657,34.02241],[-117.74717,34.02289],[-117.74775,34.02335]]}},{"type":"Feature","properties":{"kind":"street","label":"Mission Blvd"},"geometry":{"type":"LineString","coordinates":[[-117.78793,34.05257],[-117.78751,34.05263],[-117.78722,34.05266]]}},{"type":"Feature","properties":{"kind":"street","label":"Mission Blvd"},"geometry":{"type":"LineString","coordinates":[[-117.79085,34.05181],[-117.79063,34.05184],[-117.79054,34.05188]]}},{"type":"Feature","properties":{"kind":"street","label":"Mission Blvd"},"geometry":{"type":"LineString","coordinates":[[-117.79037,34.05196],[-117.79001,34.0521],[-117.78967,34.05222],[-117.78953,34.05227]]}},{"type":"Feature","properties":{"kind":"street","label":"Mission Blvd"},"geometry":{"type":"LineString","coordinates":[[-117.78959,34.05239],[-117.78972,34.05235],[-117.79019,34.05219],[-117.79071,34.05197],[-117.79085,34.05181]]}},{"type":"Feature","properties":{"kind":"street","label":"Mission Blvd"},"geometry":{"type":"LineString","coordinates":[[-117.78538,34.0529],[-117.78298,34.0532],[-117.78253,34.05326]]}},{"type":"Feature","properties":{"kind":"street","label":"Mission Blvd"},"geometry":{"type":"LineString","coordinates":[[-117.78464,34.05314],[-117.78541,34.05305]]}},{"type":"Feature","properties":{"kind":"street","label":"Mission Blvd"},"geometry":{"type":"LineString","coordinates":[[-117.79085,34.05181],[-117.79106,34.0517]]}},{"type":"Feature","properties":{"kind":"street","label":"Mission Blvd"},"geometry":{"type":"LineString","coordinates":[[-117.78882,34.05258],[-117.78947,34.05243],[-117.78959,34.05239]]}},{"type":"Feature","properties":{"kind":"street","label":"Mission Blvd"},"geometry":{"type":"LineString","coordinates":[[-117.78541,34.05305],[-117.78659,34.05291],[-117.7869,34.05287],[-117.78755,34.05279]]}},{"type":"Feature","properties":{"kind":"street","label":"Mission Blvd"},"geometry":{"type":"LineString","coordinates":[[-117.79316,34.05061],[-117.79443,34.04996]]}},{"type":"Feature","properties":{"kind":"street","label":"Mission Blvd"},"geometry":{"type":"LineString","coordinates":[[-117.79225,34.05109],[-117.79262,34.05089]]}},{"type":"Feature","properties":{"kind":"street","label":"Mission Blvd"},"geometry":{"type":"LineString","coordinates":[[-117.79286,34.05077],[-117.79316,34.05061]]}},{"type":"Feature","properties":{"kind":"freeway","label":"SR-71"},"geometry":{"type":"LineString","coordinates":[[-117.76149,34.035],[-117.77845,34.05089]]}},{"type":"Feature","properties":{"kind":"street","label":"Mission Blvd"},"geometry":{"type":"LineString","coordinates":[[-117.79599,34.04772],[-117.79601,34.04739]]}},{"type":"Feature","properties":{"kind":"street","label":"Mission Blvd"},"geometry":{"type":"LineString","coordinates":[[-117.79677,34.04307],[-117.79692,34.04268]]}},{"type":"Feature","properties":{"kind":"street","label":"Mission Blvd"},"geometry":{"type":"LineString","coordinates":[[-117.79661,34.04348],[-117.79677,34.04307]]}},{"type":"Feature","properties":{"kind":"street","label":"Mission Blvd"},"geometry":{"type":"LineString","coordinates":[[-117.79593,34.04536],[-117.79597,34.04513],[-117.79661,34.04348]]}},{"type":"Feature","properties":{"kind":"street","label":"Mission Blvd"},"geometry":{"type":"LineString","coordinates":[[-117.79692,34.04268],[-117.79744,34.0414],[-117.79767,34.04104]]}},{"type":"Feature","properties":{"kind":"street","label":"Mission Blvd"},"geometry":{"type":"LineString","coordinates":[[-117.7959,34.04582],[-117.7959,34.04573],[-117.79591,34.04545],[-117.79593,34.04536]]}},{"type":"Feature","properties":{"kind":"street","label":"Mission Blvd"},"geometry":{"type":"LineString","coordinates":[[-117.79601,34.04739],[-117.79602,34.04713],[-117.79597,34.04649],[-117.7959,34.04582]]}},{"type":"Feature","properties":{"kind":"street","label":"Mission Blvd"},"geometry":{"type":"LineString","coordinates":[[-117.79769,34.04099],[-117.79778,34.04088],[-117.79797,34.04067],[-117.79807,34.04055]]}},{"type":"Feature","properties":{"kind":"street","label":"Temple Ave"},"geometry":{"type":"LineString","coordinates":[[-117.79869,34.04103],[-117.79865,34.04099]]}},{"type":"Feature","properties":{"kind":"street","label":"Temple Ave"},"geometry":{"type":"LineString","coordinates":[[-117.79923,34.04161],[-117.79891,34.04127]]}},{"type":"Feature","properties":{"kind":"street","label":"Temple Ave"},"geometry":{"type":"LineString","coordinates":[[-117.80055,34.04302],[-117.80027,34.04271]]}},{"type":"Feature","properties":{"kind":"street","label":"Temple Ave"},"geometry":{"type":"LineString","coordinates":[[-117.81402,34.04926],[-117.81446,34.04944]]}},{"type":"Feature","properties":{"kind":"street","label":"Temple Ave"},"geometry":{"type":"LineString","coordinates":[[-117.81511,34.04954],[-117.81459,34.04933]]}},{"type":"Feature","properties":{"kind":"street","label":"Temple Ave"},"geometry":{"type":"LineString","coordinates":[[-117.81625,34.05014],[-117.81633,34.05016],[-117.81644,34.0502],[-117.81658,34.05025]]}},{"type":"Feature","properties":{"kind":"street","label":"Temple Ave"},"geometry":{"type":"LineString","coordinates":[[-117.81581,34.04997],[-117.81612,34.05009]]}},{"type":"Feature","properties":{"kind":"street","label":"Temple Ave"},"geometry":{"type":"LineString","coordinates":[[-117.80658,34.0469],[-117.80715,34.047]]}},{"type":"Feature","properties":{"kind":"street","label":"Temple Ave"},"geometry":{"type":"LineString","coordinates":[[-117.81612,34.05009],[-117.81625,34.05014]]}},{"type":"Feature","properties":{"kind":"street","label":"Temple Ave"},"geometry":{"type":"LineString","coordinates":[[-117.8108,34.04782],[-117.81048,34.04769],[-117.81023,34.04759]]}},{"type":"Feature","properties":{"kind":"street","label":"Temple Ave"},"geometry":{"type":"LineString","coordinates":[[-117.80281,34.04553],[-117.80292,34.04561],[-117.80318,34.04581]]}},{"type":"Feature","properties":{"kind":"street","label":"Temple Ave"},"geometry":{"type":"LineString","coordinates":[[-117.80413,34.04631],[-117.80445,34.04644],[-117.80455,34.04648]]}},{"type":"Feature","properties":{"kind":"street","label":"Temple Ave"},"geometry":{"type":"LineString","coordinates":[[-117.80715,34.047],[-117.80764,34.04707]]}},{"type":"Feature","properties":{"kind":"street","label":"Temple Ave"},"geometry":{"type":"LineString","coordinates":[[-117.80365,34.04594],[-117.80328,34.04571]]}},{"type":"Feature","properties":{"kind":"street","label":"Temple Ave"},"geometry":{"type":"LineString","coordinates":[[-117.80577,34.04677],[-117.80658,34.0469]]}},{"type":"Feature","properties":{"kind":"street","label":"Temple Ave"},"geometry":{"type":"LineString","coordinates":[[-117.81326,34.0488],[-117.81258,34.04854],[-117.81237,34.04845]]}},{"type":"Feature","properties":{"kind":"street","label":"Temple Ave"},"geometry":{"type":"LineString","coordinates":[[-117.8101,34.04769],[-117.81028,34.04777],[-117.81053,34.04787],[-117.81082,34.04799],[-117.81152,34.04827],[-117.81167,34.04832]]}},{"type":"Feature","properties":{"kind":"street","label":"Temple Ave"},"geometry":{"type":"LineString","coordinates":[[-117.80589,34.04665],[-117.8056,34.0466],[-117.80536,34.04656],[-117.80507,34.04649]]}},{"type":"Feature","properties":{"kind":"street","label":"Temple Ave"},"geometry":{"type":"LineString","coordinates":[[-117.80507,34.04649],[-117.80488,34.04644],[-117.80473,34.04639],[-117.80461,34.04636]]}},{"type":"Feature","properties":{"kind":"street","label":"Temple Ave"},"geometry":{"type":"LineString","coordinates":[[-117.81459,34.04933],[-117.81414,34.04915],[-117.81326,34.0488]]}},{"type":"Feature","properties":{"kind":"street","label":"Temple Ave"},"geometry":{"type":"LineString","coordinates":[[-117.81446,34.04944],[-117.81581,34.04997]]}},{"type":"Feature","properties":{"kind":"street","label":"Temple Ave"},"geometry":{"type":"LineString","coordinates":[[-117.80318,34.04581],[-117.8036,34.04608],[-117.80413,34.04631]]}},{"type":"Feature","properties":{"kind":"street","label":"Temple Ave"},"geometry":{"type":"LineString","coordinates":[[-117.80764,34.04707],[-117.80858,34.04723],[-117.80874,34.04726],[-117.80926,34.04738]]}},{"type":"Feature","properties":{"kind":"street","label":"Temple Ave"},"geometry":{"type":"LineString","coordinates":[[-117.81167,34.04832],[-117.81193,34.04843],[-117.812,34.04846],[-117.81213,34.04852],[-117.81227,34.04857]]}},{"type":"Feature","properties":{"kind":"street","label":"Temple Ave"},"geometry":{"type":"LineString","coordinates":[[-117.8025,34.04528],[-117.80281,34.04553]]}},{"type":"Feature","properties":{"kind":"street","label":"Temple Ave"},"geometry":{"type":"LineString","coordinates":[[-117.81237,34.04845],[-117.81222,34.04839],[-117.8121,34.04834],[-117.81202,34.04831],[-117.81191,34.04827],[-117.81114,34.04796],[-117.8108,34.04782]]}},{"type":"Feature","properties":{"kind":"street","label":"Temple Ave"},"geometry":{"type":"LineString","coordinates":[[-117.81227,34.04857],[-117.81247,34.04866],[-117.81339,34.04901],[-117.81402,34.04926]]}},{"type":"Feature","properties":{"kind":"street","label":"Temple Ave"},"geometry":{"type":"LineString","coordinates":[[-117.80926,34.04738],[-117.80996,34.04764],[-117.8101,34.04769]]}},{"type":"Feature","properties":{"kind":"street","label":"Temple Ave"},"geometry":{"type":"LineString","coordinates":[[-117.80455,34.04648],[-117.80464,34.04651],[-117.80487,34.04658],[-117.80518,34.04666],[-117.80548,34.04672],[-117.80577,34.04677]]}},{"type":"Feature","properties":{"kind":"street","label":"Temple Ave"},"geometry":{"type":"LineString","coordinates":[[-117.80328,34.04571],[-117.80293,34.04546],[-117.80282,34.04537],[-117.80262,34.0452]]}},{"type":"Feature","properties":{"kind":"street","label":"Temple Ave"},"geometry":{"type":"LineString","coordinates":[[-117.81023,34.04759],[-117.81011,34.04756],[-117.80927,34.04726],[-117.80837,34.04706],[-117.80767,34.04694],[-117.80708,34.04684],[-117.80671,34.04678]]}},{"type":"Feature","properties":{"kind":"street","label":"Valley Blvd"},"geometry":{"type":"LineString","coordinates":[[-117.80948,34.05223],[-117.8094,34.05232],[-117.80911,34.05267]]}},{"type":"Feature","properties":{"kind":"street","label":"Valley Blvd"},"geometry":{"type":"LineString","coordinates":[[-117.81227,34.04857],[-117.81219,34.04869],[-117.81178,34.04921]]}},{"type":"Feature","properties":{"kind":"street","label":"Valley Blvd"},"geometry":{"type":"LineString","coordinates":[[-117.81178,34.04921],[-117.80987,34.0517]]}},{"type":"Feature","properties":{"kind":"street","label":"Valley Blvd"},"geometry":{"type":"LineString","coordinates":[[-117.80955,34.05214],[-117.80948,34.05223]]}},{"type":"Feature","properties":{"kind":"street","label":"Valley Blvd"},"geometry":{"type":"LineString","coordinates":[[-117.81237,34.04845],[-117.81227,34.04857]]}},{"type":"Feature","properties":{"kind":"street","label":"Valley Blvd"},"geometry":{"type":"LineString","coordinates":[[-117.80987,34.0517],[-117.80961,34.05205],[-117.80955,34.05214]]}},{"type":"Feature","properties":{"kind":"street","label":"Valley Blvd"},"geometry":{"type":"LineString","coordinates":[[-117.81278,34.04793],[-117.81245,34.04835],[-117.81237,34.04845]]}},{"type":"Feature","properties":{"kind":"street","label":"Valley Blvd"},"geometry":{"type":"LineString","coordinates":[[-117.81369,34.04675],[-117.81327,34.04726],[-117.81278,34.04793]]}},{"type":"Feature","properties":{"kind":"street","label":"Mission Blvd"},"geometry":{"type":"LineString","coordinates":[[-117.77518,34.05418],[-117.77436,34.05427]]}},{"type":"Feature","properties":{"kind":"street","label":"Mission Blvd"},"geometry":{"type":"LineString","coordinates":[[-117.78253,34.05326],[-117.78221,34.0533],[-117.78203,34.05333]]}},{"type":"Feature","properties":{"kind":"street","label":"Mission Blvd"},"geometry":{"type":"LineString","coordinates":[[-117.7759,34.05409],[-117.77539,34.05415],[-117.77518,34.05418]]}},{"type":"Feature","properties":{"kind":"street","label":"Mission Blvd"},"geometry":{"type":"LineString","coordinates":[[-117.78203,34.05333],[-117.7818,34.05336]]}},{"type":"Feature","properties":{"kind":"street","label":"Mission Blvd"},"geometry":{"type":"LineString","coordinates":[[-117.78082,34.05348],[-117.78036,34.05353]]}},{"type":"Feature","properties":{"kind":"street","label":"Mission Blvd"},"geometry":{"type":"LineString","coordinates":[[-117.7818,34.05336],[-117.78162,34.05338]]}},{"type":"Feature","properties":{"kind":"street","label":"Mission Blvd"},"geometry":{"type":"LineString","coordinates":[[-117.78036,34.05353],[-117.77798,34.05383],[-117.77728,34.05392],[-117.7759,34.05409]]}},{"type":"Feature","properties":{"kind":"street","label":"Valley Blvd"},"geometry":{"type":"LineString","coordinates":[[-117.79513,34.06126],[-117.79492,34.06126]]}},{"type":"Feature","properties":{"kind":"street","label":"Valley Blvd"},"geometry":{"type":"LineString","coordinates":[[-117.79561,34.06124],[-117.79513,34.06126]]}},{"type":"Feature","properties":{"kind":"street","label":"Valley Blvd"},"geometry":{"type":"LineString","coordinates":[[-117.78839,34.06137],[-117.78784,34.06139],[-117.78775,34.06139],[-117.78757,34.06139]]}},{"type":"Feature","properties":{"kind":"street","label":"Valley Blvd"},"geometry":{"type":"LineString","coordinates":[[-117.79053,34.06144],[-117.79126,34.06141],[-117.79145,34.06137]]}},{"type":"Feature","properties":{"kind":"street","label":"Valley Blvd"},"geometry":{"type":"LineString","coordinates":[[-117.78839,34.0615],[-117.79053,34.06144]]}},{"type":"Feature","properties":{"kind":"street","label":"Valley Blvd"},"geometry":{"type":"LineString","coordinates":[[-117.79492,34.06126],[-117.79477,34.06127],[-117.79388,34.06129],[-117.7931,34.06131],[-117.7925,34.06132],[-117.79229,34.06133],[-117.79197,34.06135],[-117.79145,34.06137]]}},{"type":"Feature","properties":{"kind":"street","label":"Holt Ave"},"geometry":{"type":"LineString","coordinates":[[-117.78321,34.06163],[-117.78335,34.06163]]}},{"type":"Feature","properties":{"kind":"street","label":"Holt Ave"},"geometry":{"type":"LineString","coordinates":[[-117.7863,34.06153],[-117.78663,34.06153],[-117.78701,34.06152]]}},{"type":"Feature","properties":{"kind":"street","label":"Holt Ave"},"geometry":{"type":"LineString","coordinates":[[-117.78701,34.06152],[-117.78738,34.06151],[-117.78758,34.06151]]}},{"type":"Feature","properties":{"kind":"street","label":"Holt Ave"},"geometry":{"type":"LineString","coordinates":[[-117.77692,34.06171],[-117.77706,34.06177],[-117.77714,34.06177],[-117.77744,34.06176],[-117.77789,34.06175],[-117.77797,34.06175],[-117.77821,34.06174],[-117.77837,34.06174]]}},{"type":"Feature","properties":{"kind":"street","label":"Holt Ave"},"geometry":{"type":"LineString","coordinates":[[-117.78335,34.06163],[-117.78352,34.06162],[-117.78375,34.06161]]}},{"type":"Feature","properties":{"kind":"street","label":"Holt Ave"},"geometry":{"type":"LineString","coordinates":[[-117.78599,34.06155],[-117.7863,34.06153]]}},{"type":"Feature","properties":{"kind":"street","label":"Holt Ave"},"geometry":{"type":"LineString","coordinates":[[-117.77669,34.06172],[-117.77636,34.06174],[-117.77633,34.06174]]}},{"type":"Feature","properties":{"kind":"street","label":"Holt Ave"},"geometry":{"type":"LineString","coordinates":[[-117.78375,34.06161],[-117.78393,34.0616],[-117.7842,34.06159],[-117.78441,34.06159],[-117.78505,34.06157],[-117.78539,34.06157]]}},{"type":"Feature","properties":{"kind":"street","label":"Holt Ave"},"geometry":{"type":"LineString","coordinates":[[-117.77692,34.06171],[-117.77679,34.06172],[-117.77669,34.06172]]}},{"type":"Feature","properties":{"kind":"street","label":"Holt Ave"},"geometry":{"type":"LineString","coordinates":[[-117.77886,34.06173],[-117.77898,34.06173],[-117.77926,34.06172],[-117.77942,34.06172]]}},{"type":"Feature","properties":{"kind":"street","label":"Holt Ave"},"geometry":{"type":"LineString","coordinates":[[-117.78269,34.06164],[-117.78302,34.06164],[-117.78311,34.06163],[-117.78321,34.06163]]}},{"type":"Feature","properties":{"kind":"street","label":"Holt Ave"},"geometry":{"type":"LineString","coordinates":[[-117.77837,34.06174],[-117.77849,34.06174],[-117.77876,34.06173],[-117.77886,34.06173]]}},{"type":"Feature","properties":{"kind":"street","label":"Holt Ave"},"geometry":{"type":"LineString","coordinates":[[-117.77942,34.06172],[-117.77979,34.06171],[-117.78005,34.0617],[-117.78068,34.06169],[-117.78079,34.06169],[-117.78186,34.06166],[-117.78269,34.06164]]}},{"type":"Feature","properties":{"kind":"street","label":"Holt Ave"},"geometry":{"type":"LineString","coordinates":[[-117.78539,34.06157],[-117.78569,34.06156],[-117.78588,34.06155],[-117.78599,34.06155]]}},{"type":"Feature","properties":{"kind":"street","label":"Holt Ave"},"geometry":{"type":"LineString","coordinates":[[-117.78757,34.06139],[-117.78705,34.0614],[-117.7863,34.06142]]}},{"type":"Feature","properties":{"kind":"street","label":"Mission Blvd"},"geometry":{"type":"LineString","coordinates":[[-117.778,34.05397],[-117.77869,34.05389]]}},{"type":"Feature","properties":{"kind":"street","label":"Mission Blvd"},"geometry":{"type":"LineString","coordinates":[[-117.78075,34.05363],[-117.78094,34.0536]]}},{"type":"Feature","properties":{"kind":"street","label":"Mission Blvd"},"geometry":{"type":"LineString","coordinates":[[-117.78055,34.05366],[-117.78075,34.05363]]}},{"type":"Feature","properties":{"kind":"street","label":"Mission Blvd"},"geometry":{"type":"LineString","coordinates":[[-117.77732,34.05406],[-117.778,34.05397]]}},{"type":"Feature","properties":{"kind":"street","label":"Mission Blvd"},"geometry":{"type":"LineString","coordinates":[[-117.78175,34.0535],[-117.78194,34.05348],[-117.78205,34.05346],[-117.78217,34.05345]]}},{"type":"Feature","properties":{"kind":"street","label":"Mission Blvd"},"geometry":{"type":"LineString","coordinates":[[-117.77869,34.05389],[-117.78011,34.05371]]}},{"type":"Feature","properties":{"kind":"street","label":"Mission Blvd"},"geometry":{"type":"LineString","coordinates":[[-117.78011,34.05371],[-117.78023,34.05369],[-117.78055,34.05366]]}},{"type":"Feature","properties":{"kind":"street","label":"Valley Blvd"},"geometry":{"type":"LineString","coordinates":[[-117.8077,34.05434],[-117.80722,34.05481],[-117.8068,34.05518],[-117.80566,34.05611]]}},{"type":"Feature","properties":{"kind":"street","label":"Valley Blvd"},"geometry":{"type":"LineString","coordinates":[[-117.79939,34.06064],[-117.79895,34.06078]]}},{"type":"Feature","properties":{"kind":"street","label":"Valley Blvd"},"geometry":{"type":"LineString","coordinates":[[-117.80376,34.05762],[-117.80324,34.05805]]}},{"type":"Feature","properties":{"kind":"street","label":"Valley Blvd"},"geometry":{"type":"LineString","coordinates":[[-117.80793,34.05409],[-117.8077,34.05434]]}},{"type":"Feature","properties":{"kind":"street","label":"Valley Blvd"},"geometry":{"type":"LineString","coordinates":[[-117.80566,34.05611],[-117.80535,34.05637]]}},{"type":"Feature","properties":{"kind":"street","label":"Valley Blvd"},"geometry":{"type":"LineString","coordinates":[[-117.79615,34.06122],[-117.79561,34.06124]]}},{"type":"Feature","properties":{"kind":"street","label":"Valley Blvd"},"geometry":{"type":"LineString","coordinates":[[-117.80247,34.05869],[-117.80215,34.05897]]}},{"type":"Feature","properties":{"kind":"street","label":"Valley Blvd"},"geometry":{"type":"LineString","coordinates":[[-117.80295,34.05829],[-117.80247,34.05869]]}},{"type":"Feature","properties":{"kind":"street","label":"Valley Blvd"},"geometry":{"type":"LineString","coordinates":[[-117.7999,34.06043],[-117.79939,34.06064]]}},{"type":"Feature","properties":{"kind":"street","label":"Valley Blvd"},"geometry":{"type":"LineString","coordinates":[[-117.80131,34.05964],[-117.80094,34.05988]]}},{"type":"Feature","properties":{"kind":"street","label":"Valley Blvd"},"geometry":{"type":"LineString","coordinates":[[-117.80535,34.05637],[-117.80528,34.05643],[-117.80492,34.05672]]}},{"type":"Feature","properties":{"kind":"street","label":"Valley Blvd"},"geometry":{"type":"LineString","coordinates":[[-117.80215,34.05897],[-117.80131,34.05964]]}},{"type":"Feature","properties":{"kind":"street","label":"Valley Blvd"},"geometry":{"type":"LineString","coordinates":[[-117.80324,34.05805],[-117.80295,34.05829]]}},{"type":"Feature","properties":{"kind":"street","label":"Valley Blvd"},"geometry":{"type":"LineString","coordinates":[[-117.80094,34.05988],[-117.80008,34.06035],[-117.7999,34.06043]]}},{"type":"Feature","properties":{"kind":"street","label":"Valley Blvd"},"geometry":{"type":"LineString","coordinates":[[-117.80492,34.05672],[-117.80441,34.05712],[-117.80376,34.05762]]}},{"type":"Feature","properties":{"kind":"street","label":"Valley Blvd"},"geometry":{"type":"LineString","coordinates":[[-117.79895,34.06078],[-117.79855,34.0609],[-117.79773,34.06109],[-117.79684,34.0612],[-117.79631,34.06122],[-117.79615,34.06122]]}},{"type":"Feature","properties":{"kind":"street","label":"Garey Ave"},"geometry":{"type":"LineString","coordinates":[[-117.74357,34.01975],[-117.74361,34.01979],[-117.74375,34.01996]]}},{"type":"Feature","properties":{"kind":"street","label":"Reservoir St"},"geometry":{"type":"LineString","coordinates":[[-117.73142,34.02599],[-117.73144,34.02636],[-117.73152,34.02647]]}},{"type":"Feature","properties":{"kind":"street","label":"Reservoir St"},"geometry":{"type":"LineString","coordinates":[[-117.73158,34.02584],[-117.73157,34.02558],[-117.73156,34.02545]]}},{"type":"Feature","properties":{"kind":"street","label":"Reservoir St"},"geometry":{"type":"LineString","coordinates":[[-117.73142,34.02545],[-117.73142,34.02581],[-117.73142,34.02599]]}},{"type":"Feature","properties":{"kind":"street","label":"Garey Ave"},"geometry":{"type":"LineString","coordinates":[[-117.74493,34.02111],[-117.74564,34.0217]]}},{"type":"Feature","properties":{"kind":"street","label":"Garey Ave"},"geometry":{"type":"LineString","coordinates":[[-117.74572,34.02157],[-117.7446,34.02055]]}},{"type":"Feature","properties":{"kind":"street","label":"Garey Ave"},"geometry":{"type":"LineString","coordinates":[[-117.74672,34.02236],[-117.74572,34.02157]]}},{"type":"Feature","properties":{"kind":"street","label":"Garey Ave"},"geometry":{"type":"LineString","coordinates":[[-117.74733,34.02283],[-117.74672,34.02236]]}},{"type":"Feature","properties":{"kind":"street","label":"Garey Ave"},"geometry":{"type":"LineString","coordinates":[[-117.74799,34.02332],[-117.74733,34.02283]]}},{"type":"Feature","properties":{"kind":"street","label":"Garey Ave"},"geometry":{"type":"LineString","coordinates":[[-117.74775,34.02335],[-117.74827,34.02375],[-117.74838,34.02385],[-117.74846,34.02394]]}},{"type":"Feature","properties":{"kind":"street","label":"Garey Ave"},"geometry":{"type":"LineString","coordinates":[[-117.74863,34.02391],[-117.74837,34.02366],[-117.74799,34.02332]]}},{"type":"Feature","properties":{"kind":"street","label":"Garey Ave"},"geometry":{"type":"LineString","coordinates":[[-117.74375,34.01996],[-117.74376,34.02008],[-117.74493,34.02111]]}},{"type":"Feature","properties":{"kind":"street","label":"Garey Ave"},"geometry":{"type":"LineString","coordinates":[[-117.74899,34.02456],[-117.74895,34.02443],[-117.74888,34.02428],[-117.74877,34.02409],[-117.74863,34.02391]]}},{"type":"Feature","properties":{"kind":"street","label":"Garey Ave"},"geometry":{"type":"LineString","coordinates":[[-117.74907,34.02606],[-117.74906,34.02574],[-117.74906,34.02568],[-117.74904,34.02506],[-117.74903,34.02487],[-117.74901,34.02474],[-117.74899,34.02456]]}},{"type":"Feature","properties":{"kind":"street","label":"Garey Ave"},"geometry":{"type":"LineString","coordinates":[[-117.74846,34.02394],[-117.74854,34.02405],[-117.74869,34.02432],[-117.74879,34.02451],[-117.74886,34.02471],[-117.74889,34.02486],[-117.74891,34.02498],[-117.74891,34.02507],[-117.74893,34.02563],[-117.74894,34.02568]]}},{"type":"Feature","properties":{"kind":"street","label":"Mission Blvd"},"geometry":{"type":"LineString","coordinates":[[-117.72069,34.0559],[-117.7207,34.0559]]}},{"type":"Feature","properties":{"kind":"street","label":"Valley Blvd"},"geometry":{"type":"LineString","coordinates":[[-117.82783,34.03112],[-117.82794,34.03105],[-117.82805,34.03099],[-117.82814,34.03095]]}},{"type":"Feature","properties":{"kind":"street","label":"Towne Ave"},"geometry":{"type":"LineString","coordinates":[[-117.73683,34.08964],[-117.73682,34.08994],[-117.73681,34.09007]]}},{"type":"Feature","properties":{"kind":"street","label":"Towne Ave"},"geometry":{"type":"LineString","coordinates":[[-117.73682,34.08835],[-117.73678,34.0887],[-117.73677,34.08884],[-117.73676,34.08891],[-117.73676,34.08911],[-117.73676,34.08959]]}},{"type":"Feature","properties":{"kind":"street","label":"Garey Ave"},"geometry":{"type":"LineString","coordinates":[[-117.7495,34.08953],[-117.74941,34.0897],[-117.74935,34.08982],[-117.7493,34.08994],[-117.74924,34.09005]]}},{"type":"Feature","properties":{"kind":"street","label":"Garey Ave"},"geometry":{"type":"LineString","coordinates":[[-117.74854,34.09348],[-117.74854,34.0936],[-117.74852,34.09402],[-117.74852,34.09408],[-117.74852,34.09478]]}},{"type":"Feature","properties":{"kind":"street","label":"Towne Ave"},"geometry":{"type":"LineString","coordinates":[[-117.73682,34.10703],[-117.73683,34.10706]]}},{"type":"Feature","properties":{"kind":"street","label":"Towne Ave"},"geometry":{"type":"LineString","coordinates":[[-117.7369,34.10569],[-117.73689,34.10433]]}},{"type":"Feature","properties":{"kind":"street","label":"Towne Ave"},"geometry":{"type":"LineString","coordinates":[[-117.7369,34.10602],[-117.7369,34.10583],[-117.7369,34.10569]]}},{"type":"Feature","properties":{"kind":"street","label":"Towne Ave"},"geometry":{"type":"LineString","coordinates":[[-117.73688,34.10401],[-117.73688,34.10342]]}},{"type":"Feature","properties":{"kind":"street","label":"Towne Ave"},"geometry":{"type":"LineString","coordinates":[[-117.73689,34.10433],[-117.73688,34.10401]]}},{"type":"Feature","properties":{"kind":"street","label":"Towne Ave"},"geometry":{"type":"LineString","coordinates":[[-117.73688,34.10296],[-117.73688,34.10204],[-117.73688,34.10184]]}},{"type":"Feature","properties":{"kind":"street","label":"Towne Ave"},"geometry":{"type":"LineString","coordinates":[[-117.73688,34.10342],[-117.73688,34.10309],[-117.73688,34.10296]]}},{"type":"Feature","properties":{"kind":"street","label":"Towne Ave"},"geometry":{"type":"LineString","coordinates":[[-117.73688,34.10184],[-117.73688,34.1015]]}},{"type":"Feature","properties":{"kind":"street","label":"Towne Ave"},"geometry":{"type":"LineString","coordinates":[[-117.73688,34.1015],[-117.73688,34.10035],[-117.73688,34.09924]]}},{"type":"Feature","properties":{"kind":"street","label":"Towne Ave"},"geometry":{"type":"LineString","coordinates":[[-117.73674,34.09885],[-117.73674,34.09886]]}},{"type":"Feature","properties":{"kind":"street","label":"Towne Ave"},"geometry":{"type":"LineString","coordinates":[[-117.73688,34.09924],[-117.73688,34.09896],[-117.73688,34.09885]]}},{"type":"Feature","properties":{"kind":"street","label":"Towne Ave"},"geometry":{"type":"LineString","coordinates":[[-117.73688,34.09885],[-117.73688,34.09877],[-117.73688,34.09833],[-117.73687,34.09748],[-117.73687,34.09696],[-117.73687,34.09666]]}},{"type":"Feature","properties":{"kind":"street","label":"Towne Ave"},"geometry":{"type":"LineString","coordinates":[[-117.73674,34.0985],[-117.73674,34.09876],[-117.73674,34.09885]]}},{"type":"Feature","properties":{"kind":"street","label":"Towne Ave"},"geometry":{"type":"LineString","coordinates":[[-117.73673,34.09616],[-117.73673,34.09631],[-117.73674,34.09745],[-117.73674,34.09757],[-117.73674,34.0985]]}},{"type":"Feature","properties":{"kind":"street","label":"Towne Ave"},"geometry":{"type":"LineString","coordinates":[[-117.73687,34.09666],[-117.73687,34.09639],[-117.73687,34.0962]]}},{"type":"Feature","properties":{"kind":"street","label":"Towne Ave"},"geometry":{"type":"LineString","coordinates":[[-117.73683,34.10706],[-117.73691,34.10696],[-117.73691,34.10688],[-117.73691,34.10665],[-117.73691,34.10651],[-117.7369,34.10602]]}},{"type":"Feature","properties":{"kind":"street","label":"Towne Ave"},"geometry":{"type":"LineString","coordinates":[[-117.73683,34.10764],[-117.73683,34.10772],[-117.73683,34.10778],[-117.73683,34.10793]]}},{"type":"Feature","properties":{"kind":"street","label":"Towne Ave"},"geometry":{"type":"LineString","coordinates":[[-117.73687,34.0962],[-117.73687,34.09607],[-117.73687,34.09595],[-117.7368,34.09585]]}},{"type":"Feature","properties":{"kind":"street","label":"Towne Ave"},"geometry":{"type":"LineString","coordinates":[[-117.7368,34.09431],[-117.7368,34.09464],[-117.7368,34.09503],[-117.7368,34.0951],[-117.7368,34.09523],[-117.7368,34.09553]]}},{"type":"Feature","properties":{"kind":"street","label":"Towne Ave"},"geometry":{"type":"LineString","coordinates":[[-117.7368,34.09431],[-117.73687,34.09426],[-117.73687,34.09399],[-117.73688,34.09378],[-117.73688,34.09353],[-117.7368,34.09345]]}},{"type":"Feature","properties":{"kind":"street","label":"Towne Ave"},"geometry":{"type":"LineString","coordinates":[[-117.7368,34.09303],[-117.7368,34.09326],[-117.7368,34.09345]]}},{"type":"Feature","properties":{"kind":"street","label":"Towne Ave"},"geometry":{"type":"LineString","coordinates":[[-117.7368,34.09345],[-117.73674,34.09355],[-117.73673,34.09373],[-117.73673,34.09399],[-117.73673,34.09426],[-117.7368,34.09431]]}},{"type":"Feature","properties":{"kind":"street","label":"Towne Ave"},"geometry":{"type":"LineString","coordinates":[[-117.7368,34.0928],[-117.7368,34.09303]]}},{"type":"Feature","properties":{"kind":"street","label":"Towne Ave"},"geometry":{"type":"LineString","coordinates":[[-117.7368,34.09275],[-117.7368,34.0928]]}},{"type":"Feature","properties":{"kind":"street","label":"Towne Ave"},"geometry":{"type":"LineString","coordinates":[[-117.7368,34.09257],[-117.7368,34.09275]]}},{"type":"Feature","properties":{"kind":"street","label":"Towne Ave"},"geometry":{"type":"LineString","coordinates":[[-117.73681,34.09068],[-117.73681,34.09082],[-117.73681,34.09095],[-117.73681,34.09146],[-117.73681,34.09166]]}},{"type":"Feature","properties":{"kind":"street","label":"Towne Ave"},"geometry":{"type":"LineString","coordinates":[[-117.73681,34.09019],[-117.73681,34.09028],[-117.73681,34.09037],[-117.73681,34.09063],[-117.73681,34.09068]]}},{"type":"Feature","properties":{"kind":"street","label":"Arrow Hwy"},"geometry":{"type":"LineString","coordinates":[[-117.73037,34.09026],[-117.73003,34.09027]]}},{"type":"Feature","properties":{"kind":"street","label":"Arrow Hwy"},"geometry":{"type":"LineString","coordinates":[[-117.73003,34.09027],[-117.72986,34.09027],[-117.72961,34.09028]]}},{"type":"Feature","properties":{"kind":"street","label":"Arrow Hwy"},"geometry":{"type":"LineString","coordinates":[[-117.73102,34.09025],[-117.73072,34.09025]]}},{"type":"Feature","properties":{"kind":"street","label":"Arrow Hwy"},"geometry":{"type":"LineString","coordinates":[[-117.7313,34.09025],[-117.73102,34.09025]]}},{"type":"Feature","properties":{"kind":"street","label":"Arrow Hwy"},"geometry":{"type":"LineString","coordinates":[[-117.73163,34.09024],[-117.7313,34.09025]]}},{"type":"Feature","properties":{"kind":"street","label":"Arrow Hwy"},"geometry":{"type":"LineString","coordinates":[[-117.73231,34.09023],[-117.73163,34.09024]]}},{"type":"Feature","properties":{"kind":"street","label":"Arrow Hwy"},"geometry":{"type":"LineString","coordinates":[[-117.73264,34.09022],[-117.73231,34.09023]]}},{"type":"Feature","properties":{"kind":"street","label":"Arrow Hwy"},"geometry":{"type":"LineString","coordinates":[[-117.73401,34.0902],[-117.73264,34.09022]]}},{"type":"Feature","properties":{"kind":"street","label":"Arrow Hwy"},"geometry":{"type":"LineString","coordinates":[[-117.73351,34.09032],[-117.73401,34.09031]]}},{"type":"Feature","properties":{"kind":"street","label":"Arrow Hwy"},"geometry":{"type":"LineString","coordinates":[[-117.73457,34.0902],[-117.73425,34.0902]]}},{"type":"Feature","properties":{"kind":"street","label":"Arrow Hwy"},"geometry":{"type":"LineString","coordinates":[[-117.73425,34.0902],[-117.73401,34.0902]]}},{"type":"Feature","properties":{"kind":"street","label":"Arrow Hwy"},"geometry":{"type":"LineString","coordinates":[[-117.7353,34.09019],[-117.73489,34.0902]]}},{"type":"Feature","properties":{"kind":"street","label":"Arrow Hwy"},"geometry":{"type":"LineString","coordinates":[[-117.73489,34.0902],[-117.73457,34.0902]]}},{"type":"Feature","properties":{"kind":"street","label":"Arrow Hwy"},"geometry":{"type":"LineString","coordinates":[[-117.73604,34.09025],[-117.73639,34.09022],[-117.7366,34.0902],[-117.73681,34.09019]]}},{"type":"Feature","properties":{"kind":"street","label":"Arrow Hwy"},"geometry":{"type":"LineString","coordinates":[[-117.73749,34.09001],[-117.73702,34.09005],[-117.73681,34.09007]]}},{"type":"Feature","properties":{"kind":"street","label":"Arrow Hwy"},"geometry":{"type":"LineString","coordinates":[[-117.74122,34.08996],[-117.74091,34.08996]]}},{"type":"Feature","properties":{"kind":"street","label":"Arrow Hwy"},"geometry":{"type":"LineString","coordinates":[[-117.74172,34.08996],[-117.74122,34.08996]]}},{"type":"Feature","properties":{"kind":"street","label":"Arrow Hwy"},"geometry":{"type":"LineString","coordinates":[[-117.74207,34.08996],[-117.74172,34.08996]]}},{"type":"Feature","properties":{"kind":"street","label":"Arrow Hwy"},"geometry":{"type":"LineString","coordinates":[[-117.74439,34.08996],[-117.74426,34.08996],[-117.74374,34.08996]]}},{"type":"Feature","properties":{"kind":"street","label":"Arrow Hwy"},"geometry":{"type":"LineString","coordinates":[[-117.74492,34.08996],[-117.74475,34.08996],[-117.74439,34.08996]]}},{"type":"Feature","properties":{"kind":"street","label":"Arrow Hwy"},"geometry":{"type":"LineString","coordinates":[[-117.74615,34.08996],[-117.74492,34.08996]]}},{"type":"Feature","properties":{"kind":"street","label":"Arrow Hwy"},"geometry":{"type":"LineString","coordinates":[[-117.74615,34.09007],[-117.74845,34.09005]]}},{"type":"Feature","properties":{"kind":"street","label":"Arrow Hwy"},"geometry":{"type":"LineString","coordinates":[[-117.74563,34.09007],[-117.74615,34.09007]]}},{"type":"Feature","properties":{"kind":"street","label":"Arrow Hwy"},"geometry":{"type":"LineString","coordinates":[[-117.74662,34.08996],[-117.74615,34.08996]]}},{"type":"Feature","properties":{"kind":"street","label":"Arrow Hwy"},"geometry":{"type":"LineString","coordinates":[[-117.7493,34.08994],[-117.74916,34.08994],[-117.74864,34.08994],[-117.7481,34.08994],[-117.74662,34.08996]]}},{"type":"Feature","properties":{"kind":"street","label":"Arrow Hwy"},"geometry":{"type":"LineString","coordinates":[[-117.74845,34.09005],[-117.74857,34.09005],[-117.7487,34.09005],[-117.74904,34.09005],[-117.74924,34.09005]]}},{"type":"Feature","properties":{"kind":"street","label":"Arrow Hwy"},"geometry":{"type":"LineString","coordinates":[[-117.7349,34.0903],[-117.73531,34.09029],[-117.73569,34.09027],[-117.73596,34.09025],[-117.73604,34.09025]]}},{"type":"Feature","properties":{"kind":"street","label":"Arrow Hwy"},"geometry":{"type":"LineString","coordinates":[[-117.73072,34.09025],[-117.73057,34.09026],[-117.73037,34.09026]]}},{"type":"Feature","properties":{"kind":"street","label":"Arrow Hwy"},"geometry":{"type":"LineString","coordinates":[[-117.73681,34.09019],[-117.73699,34.09017],[-117.73714,34.09016],[-117.73739,34.09013],[-117.73751,34.09012],[-117.7377,34.09011],[-117.73799,34.09009],[-117.73909,34.09009],[-117.73939,34.0901],[-117.74026,34.09009],[-117.74086,34.09009],[-117.74091,34.09009]]}},{"type":"Feature","properties":{"kind":"street","label":"Arrow Hwy"},"geometry":{"type":"LineString","coordinates":[[-117.75107,34.08994],[-117.7509,34.08994],[-117.75027,34.08993],[-117.75023,34.08993]]}},{"type":"Feature","properties":{"kind":"street","label":"Arrow Hwy"},"geometry":{"type":"LineString","coordinates":[[-117.7499,34.09005],[-117.75054,34.09004]]}},{"type":"Feature","properties":{"kind":"street","label":"Arrow Hwy"},"geometry":{"type":"LineString","coordinates":[[-117.75054,34.09004],[-117.75107,34.09004]]}},{"type":"Feature","properties":{"kind":"street","label":"Arrow Hwy"},"geometry":{"type":"LineString","coordinates":[[-117.75107,34.09004],[-117.75226,34.09003],[-117.75241,34.09003]]}},{"type":"Feature","properties":{"kind":"street","label":"Arrow Hwy"},"geometry":{"type":"LineString","coordinates":[[-117.7516,34.08993],[-117.75107,34.08994]]}},{"type":"Feature","properties":{"kind":"street","label":"Arrow Hwy"},"geometry":{"type":"LineString","coordinates":[[-117.75286,34.08993],[-117.7527,34.08991],[-117.7516,34.08993]]}},{"type":"Feature","properties":{"kind":"street","label":"Arrow Hwy"},"geometry":{"type":"LineString","coordinates":[[-117.75241,34.09003],[-117.75274,34.09003],[-117.75285,34.09004]]}},{"type":"Feature","properties":{"kind":"street","label":"Arrow Hwy"},"geometry":{"type":"LineString","coordinates":[[-117.74939,34.09005],[-117.7495,34.09005],[-117.7499,34.09005]]}},{"type":"Feature","properties":{"kind":"street","label":"Arrow Hwy"},"geometry":{"type":"LineString","coordinates":[[-117.75023,34.08993],[-117.74981,34.08994],[-117.74958,34.08994],[-117.74944,34.08994],[-117.7493,34.08994]]}},{"type":"Feature","properties":{"kind":"street","label":"Garey Ave"},"geometry":{"type":"LineString","coordinates":[[-117.74854,34.10708],[-117.74854,34.10762],[-117.74854,34.10776]]}},{"type":"Feature","properties":{"kind":"street","label":"Garey Ave"},"geometry":{"type":"LineString","coordinates":[[-117.74855,34.10572],[-117.74854,34.10594],[-117.74854,34.10607]]}},{"type":"Feature","properties":{"kind":"street","label":"Garey Ave"},"geometry":{"type":"LineString","coordinates":[[-117.74855,34.10546],[-117.74855,34.10572]]}},{"type":"Feature","properties":{"kind":"street","label":"Garey Ave"},"geometry":{"type":"LineString","coordinates":[[-117.74854,34.10607],[-117.74854,34.10621]]}},{"type":"Feature","properties":{"kind":"street","label":"Garey Ave"},"geometry":{"type":"LineString","coordinates":[[-117.74856,34.10422],[-117.74855,34.10454]]}},{"type":"Feature","properties":{"kind":"street","label":"Garey Ave"},"geometry":{"type":"LineString","coordinates":[[-117.74855,34.10454],[-117.74855,34.10535]]}},{"type":"Feature","properties":{"kind":"street","label":"Garey Ave"},"geometry":{"type":"LineString","coordinates":[[-117.74855,34.1032],[-117.74855,34.10354]]}},{"type":"Feature","properties":{"kind":"street","label":"Garey Ave"},"geometry":{"type":"LineString","coordinates":[[-117.74855,34.10282],[-117.74855,34.1032]]}},{"type":"Feature","properties":{"kind":"street","label":"Garey Ave"},"geometry":{"type":"LineString","coordinates":[[-117.74853,34.09937],[-117.74854,34.10125],[-117.74855,34.10268]]}},{"type":"Feature","properties":{"kind":"street","label":"Garey Ave"},"geometry":{"type":"LineString","coordinates":[[-117.74853,34.09922],[-117.74853,34.09937]]}},{"type":"Feature","properties":{"kind":"street","label":"Garey Ave"},"geometry":{"type":"LineString","coordinates":[[-117.74853,34.09881],[-117.74853,34.09911],[-117.74853,34.09922]]}},{"type":"Feature","properties":{"kind":"street","label":"Garey Ave"},"geometry":{"type":"LineString","coordinates":[[-117.74865,34.09922],[-117.74867,34.09874],[-117.74866,34.09696]]}},{"type":"Feature","properties":{"kind":"street","label":"Garey Ave"},"geometry":{"type":"LineString","coordinates":[[-117.74853,34.0967],[-117.74853,34.09681],[-117.74854,34.09826],[-117.74853,34.09868]]}},{"type":"Feature","properties":{"kind":"street","label":"Garey Ave"},"geometry":{"type":"LineString","coordinates":[[-117.74853,34.09623],[-117.74853,34.0967]]}},{"type":"Feature","properties":{"kind":"street","label":"Garey Ave"},"geometry":{"type":"LineString","coordinates":[[-117.74852,34.09569],[-117.74852,34.09572]]}},{"type":"Feature","properties":{"kind":"street","label":"Garey Ave"},"geometry":{"type":"LineString","coordinates":[[-117.74855,34.10354],[-117.74855,34.10374]]}},{"type":"Feature","properties":{"kind":"street","label":"Garey Ave"},"geometry":{"type":"LineString","coordinates":[[-117.74853,34.09311],[-117.74854,34.09344]]}},{"type":"Feature","properties":{"kind":"street","label":"Garey Ave"},"geometry":{"type":"LineString","coordinates":[[-117.74894,34.09065],[-117.74879,34.09103],[-117.74868,34.09136],[-117.74863,34.09161],[-117.74857,34.09192]]}},{"type":"Feature","properties":{"kind":"street","label":"Garey Ave"},"geometry":{"type":"LineString","coordinates":[[-117.74924,34.09005],[-117.74919,34.09016],[-117.7491,34.09032],[-117.749,34.09052],[-117.74894,34.09065]]}},{"type":"Feature","properties":{"kind":"street","label":"White Ave"},"geometry":{"type":"LineString","coordinates":[[-117.76383,34.08813],[-117.76379,34.08803],[-117.76348,34.08724]]}},{"type":"Feature","properties":{"kind":"street","label":"White Ave"},"geometry":{"type":"LineString","coordinates":[[-117.76348,34.08724],[-117.76281,34.08559],[-117.76238,34.08456]]}},{"type":"Feature","properties":{"kind":"street","label":"White Ave"},"geometry":{"type":"LineString","coordinates":[[-117.76389,34.08867],[-117.76411,34.08922],[-117.76435,34.08977]]}},{"type":"Feature","properties":{"kind":"street","label":"White Ave"},"geometry":{"type":"LineString","coordinates":[[-117.76148,34.08229],[-117.76135,34.08196]]}},{"type":"Feature","properties":{"kind":"street","label":"White Ave"},"geometry":{"type":"LineString","coordinates":[[-117.76135,34.08196],[-117.76116,34.08151],[-117.76101,34.08113],[-117.76094,34.08096],[-117.76041,34.07965],[-117.76009,34.07875]]}},{"type":"Feature","properties":{"kind":"street","label":"White Ave"},"geometry":{"type":"LineString","coordinates":[[-117.76107,34.08168],[-117.7612,34.08201]]}},{"type":"Feature","properties":{"kind":"street","label":"White Ave"},"geometry":{"type":"LineString","coordinates":[[-117.76028,34.07967],[-117.76099,34.08149],[-117.76107,34.08168]]}},{"type":"Feature","properties":{"kind":"street","label":"White Ave"},"geometry":{"type":"LineString","coordinates":[[-117.76019,34.07945],[-117.76028,34.07967]]}},{"type":"Feature","properties":{"kind":"street","label":"White Ave"},"geometry":{"type":"LineString","coordinates":[[-117.75962,34.07787],[-117.75976,34.07844],[-117.76012,34.07929],[-117.76019,34.07945]]}},{"type":"Feature","properties":{"kind":"street","label":"White Ave"},"geometry":{"type":"LineString","coordinates":[[-117.76009,34.07875],[-117.75996,34.07838]]}},{"type":"Feature","properties":{"kind":"street","label":"White Ave"},"geometry":{"type":"LineString","coordinates":[[-117.75996,34.07838],[-117.75989,34.07818]]}},{"type":"Feature","properties":{"kind":"street","label":"White Ave"},"geometry":{"type":"LineString","coordinates":[[-117.75989,34.07818],[-117.75985,34.07803],[-117.7598,34.07787]]}},{"type":"Feature","properties":{"kind":"street","label":"White Ave"},"geometry":{"type":"LineString","coordinates":[[-117.7598,34.07787],[-117.75956,34.0763],[-117.75948,34.07515],[-117.75946,34.07474],[-117.75943,34.07421],[-117.7593,34.07354]]}},{"type":"Feature","properties":{"kind":"street","label":"White Ave"},"geometry":{"type":"LineString","coordinates":[[-117.75955,34.0775],[-117.75959,34.07768],[-117.75962,34.07787]]}},{"type":"Feature","properties":{"kind":"street","label":"White Ave"},"geometry":{"type":"LineString","coordinates":[[-117.7593,34.07475],[-117.75933,34.07553],[-117.75939,34.07637],[-117.75948,34.07708],[-117.7595,34.07726]]}},{"type":"Feature","properties":{"kind":"street","label":"White Ave"},"geometry":{"type":"LineString","coordinates":[[-117.75927,34.07442],[-117.7593,34.07475]]}},{"type":"Feature","properties":{"kind":"street","label":"White Ave"},"geometry":{"type":"LineString","coordinates":[[-117.75912,34.07288],[-117.75911,34.07295],[-117.75909,34.07307],[-117.75911,34.07325],[-117.75921,34.07395],[-117.75924,34.07414],[-117.75927,34.07442]]}},{"type":"Feature","properties":{"kind":"street","label":"White Ave"},"geometry":{"type":"LineString","coordinates":[[-117.7593,34.07354],[-117.75926,34.07335],[-117.75926,34.07307],[-117.75926,34.07298],[-117.75927,34.07289],[-117.7593,34.07267],[-117.75938,34.07238],[-117.75942,34.07221],[-117.75945,34.07196],[-117.75949,34.07167],[-117.75948,34.07149]]}},{"type":"Feature","properties":{"kind":"street","label":"White Ave"},"geometry":{"type":"LineString","coordinates":[[-117.76449,34.08974],[-117.76445,34.08961],[-117.76427,34.08918],[-117.76418,34.08894],[-117.76383,34.08813]]}},{"type":"Feature","properties":{"kind":"street","label":"White Ave"},"geometry":{"type":"LineString","coordinates":[[-117.76435,34.08977],[-117.76435,34.08978]]}},{"type":"Feature","properties":{"kind":"street","label":"Garey Ave"},"geometry":{"type":"LineString","coordinates":[[-117.75168,34.08516],[-117.75165,34.08522],[-117.75151,34.08547],[-117.75144,34.0856]]}},{"type":"Feature","properties":{"kind":"street","label":"Garey Ave"},"geometry":{"type":"LineString","coordinates":[[-117.75258,34.08368],[-117.75232,34.0841],[-117.75212,34.08443],[-117.75199,34.08464],[-117.75182,34.08493],[-117.75168,34.08516]]}},{"type":"Feature","properties":{"kind":"street","label":"Garey Ave"},"geometry":{"type":"LineString","coordinates":[[-117.75271,34.0834],[-117.75267,34.08348],[-117.75258,34.08368]]}},{"type":"Feature","properties":{"kind":"street","label":"Garey Ave"},"geometry":{"type":"LineString","coordinates":[[-117.75144,34.0856],[-117.75139,34.08569],[-117.75131,34.08586]]}},{"type":"Feature","properties":{"kind":"street","label":"Garey Ave"},"geometry":{"type":"LineString","coordinates":[[-117.7527,34.08074],[-117.75266,34.08082],[-117.75267,34.08097]]}},{"type":"Feature","properties":{"kind":"street","label":"Garey Ave"},"geometry":{"type":"LineString","coordinates":[[-117.75264,34.08031],[-117.7527,34.08074]]}},{"type":"Feature","properties":{"kind":"street","label":"Garey Ave"},"geometry":{"type":"LineString","coordinates":[[-117.75248,34.07893],[-117.7525,34.0791],[-117.75256,34.07964],[-117.7526,34.07997],[-117.75263,34.0802],[-117.75264,34.08031]]}},{"type":"Feature","properties":{"kind":"street","label":"Garey Ave"},"geometry":{"type":"LineString","coordinates":[[-117.75243,34.07853],[-117.75248,34.07893]]}},{"type":"Feature","properties":{"kind":"street","label":"Garey Ave"},"geometry":{"type":"LineString","coordinates":[[-117.75238,34.07814],[-117.75243,34.07853]]}},{"type":"Feature","properties":{"kind":"street","label":"Garey Ave"},"geometry":{"type":"LineString","coordinates":[[-117.75233,34.07773],[-117.75238,34.07811],[-117.75238,34.07814]]}},{"type":"Feature","properties":{"kind":"street","label":"Garey Ave"},"geometry":{"type":"LineString","coordinates":[[-117.7523,34.07741],[-117.75233,34.07773]]}},{"type":"Feature","properties":{"kind":"street","label":"Garey Ave"},"geometry":{"type":"LineString","coordinates":[[-117.75229,34.07677],[-117.75229,34.07699],[-117.7523,34.07741]]}},{"type":"Feature","properties":{"kind":"street","label":"Garey Ave"},"geometry":{"type":"LineString","coordinates":[[-117.75228,34.07635],[-117.75229,34.07677]]}},{"type":"Feature","properties":{"kind":"street","label":"Garey Ave"},"geometry":{"type":"LineString","coordinates":[[-117.75227,34.07602],[-117.75228,34.07609]]}},{"type":"Feature","properties":{"kind":"street","label":"Garey Ave"},"geometry":{"type":"LineString","coordinates":[[-117.75225,34.0748],[-117.75225,34.07489],[-117.75226,34.07549],[-117.75227,34.07569],[-117.75227,34.07587],[-117.75227,34.07602]]}},{"type":"Feature","properties":{"kind":"street","label":"Garey Ave"},"geometry":{"type":"LineString","coordinates":[[-117.75223,34.07425],[-117.75225,34.0748]]}},{"type":"Feature","properties":{"kind":"street","label":"Garey Ave"},"geometry":{"type":"LineString","coordinates":[[-117.75223,34.07337],[-117.75223,34.07345],[-117.75223,34.07361],[-117.75223,34.07425]]}},{"type":"Feature","properties":{"kind":"street","label":"Garey Ave"},"geometry":{"type":"LineString","coordinates":[[-117.75221,34.07267],[-117.75221,34.07296],[-117.75222,34.07306],[-117.75222,34.0731]]}},{"type":"Feature","properties":{"kind":"street","label":"Garey Ave"},"geometry":{"type":"LineString","coordinates":[[-117.75213,34.07209],[-117.75214,34.07228],[-117.75215,34.07244],[-117.75221,34.07254]]}},{"type":"Feature","properties":{"kind":"street","label":"Garey Ave"},"geometry":{"type":"LineString","coordinates":[[-117.75208,34.07076],[-117.75209,34.07107],[-117.7521,34.07127],[-117.75212,34.07178],[-117.75213,34.07209]]}},{"type":"Feature","properties":{"kind":"street","label":"Garey Ave"},"geometry":{"type":"LineString","coordinates":[[-117.75049,34.06487],[-117.75054,34.06496]]}},{"type":"Feature","properties":{"kind":"street","label":"Mission Blvd"},"geometry":{"type":"LineString","coordinates":[[-117.72334,34.05581],[-117.72369,34.0558],[-117.72387,34.05574]]}},{"type":"Feature","properties":{"kind":"street","label":"Mission Blvd"},"geometry":{"type":"LineString","coordinates":[[-117.7207,34.0559],[-117.72091,34.05589],[-117.72137,34.05587],[-117.72205,34.05585],[-117.72225,34.05584],[-117.72246,34.05583],[-117.72263,34.05583],[-117.72317,34.05581],[-117.72334,34.05581]]}},{"type":"Feature","properties":{"kind":"street","label":"Mission Blvd"},"geometry":{"type":"LineString","coordinates":[[-117.72442,34.05573],[-117.72431,34.05573],[-117.72387,34.05574]]}},{"type":"Feature","properties":{"kind":"street","label":"Mission Blvd"},"geometry":{"type":"LineString","coordinates":[[-117.72387,34.05574],[-117.72368,34.05571],[-117.72315,34.05573],[-117.72226,34.05575],[-117.72142,34.05578],[-117.72134,34.05578],[-117.72093,34.05578],[-117.72073,34.05578]]}},{"type":"Feature","properties":{"kind":"street","label":"Holt Ave"},"geometry":{"type":"LineString","coordinates":[[-117.72472,34.06303],[-117.72462,34.06303],[-117.72445,34.06303],[-117.72425,34.06303],[-117.72392,34.06304]]}},{"type":"Feature","properties":{"kind":"street","label":"Holt Ave"},"geometry":{"type":"LineString","coordinates":[[-117.72685,34.06293],[-117.72636,34.06295],[-117.7262,34.06296],[-117.72599,34.06297],[-117.72578,34.06298],[-117.72564,34.06298],[-117.72536,34.063],[-117.72517,34.06301],[-117.72484,34.06302],[-117.72472,34.06303]]}},{"type":"Feature","properties":{"kind":"street","label":"Holt Ave"},"geometry":{"type":"LineString","coordinates":[[-117.72736,34.06292],[-117.72729,34.06292],[-117.727,34.06292],[-117.72685,34.06293]]}},{"type":"Feature","properties":{"kind":"street","label":"Holt Ave"},"geometry":{"type":"LineString","coordinates":[[-117.72855,34.06289],[-117.72771,34.06291],[-117.72736,34.06292]]}},{"type":"Feature","properties":{"kind":"street","label":"Holt Ave"},"geometry":{"type":"LineString","coordinates":[[-117.72933,34.06289],[-117.72924,34.06289],[-117.72904,34.06288]]}},{"type":"Feature","properties":{"kind":"street","label":"Holt Ave"},"geometry":{"type":"LineString","coordinates":[[-117.72215,34.06301],[-117.72129,34.06303],[-117.72079,34.06304],[-117.72027,34.06305],[-117.72017,34.06305]]}},{"type":"Feature","properties":{"kind":"street","label":"Holt Ave"},"geometry":{"type":"LineString","coordinates":[[-117.71818,34.06312],[-117.71809,34.06312]]}},{"type":"Feature","properties":{"kind":"street","label":"Holt Ave"},"geometry":{"type":"LineString","coordinates":[[-117.71867,34.06322],[-117.71875,34.06322],[-117.71903,34.06321],[-117.7192,34.0632]]}},{"type":"Feature","properties":{"kind":"street","label":"Holt Ave"},"geometry":{"type":"LineString","coordinates":[[-117.71804,34.06324],[-117.71847,34.06323],[-117.71867,34.06322]]}},{"type":"Feature","properties":{"kind":"street","label":"Holt Ave"},"geometry":{"type":"LineString","coordinates":[[-117.7192,34.06308],[-117.71906,34.06308],[-117.71818,34.06312]]}},{"type":"Feature","properties":{"kind":"street","label":"Holt Ave"},"geometry":{"type":"LineString","coordinates":[[-117.72017,34.06305],[-117.71941,34.06307],[-117.7192,34.06308]]}},{"type":"Feature","properties":{"kind":"street","label":"Holt Ave"},"geometry":{"type":"LineString","coordinates":[[-117.72215,34.06314],[-117.72245,34.06313],[-117.72323,34.06311]]}},{"type":"Feature","properties":{"kind":"street","label":"Holt Ave"},"geometry":{"type":"LineString","coordinates":[[-117.72146,34.06315],[-117.72195,34.06314],[-117.72205,34.06314],[-117.72215,34.06314]]}},{"type":"Feature","properties":{"kind":"street","label":"Holt Ave"},"geometry":{"type":"LineString","coordinates":[[-117.72254,34.06301],[-117.72229,34.06301],[-117.72215,34.06301]]}},{"type":"Feature","properties":{"kind":"street","label":"Holt Ave"},"geometry":{"type":"LineString","coordinates":[[-117.72392,34.06304],[-117.72378,34.06298],[-117.72254,34.06301]]}},{"type":"Feature","properties":{"kind":"street","label":"Holt Ave"},"geometry":{"type":"LineString","coordinates":[[-117.72323,34.06311],[-117.72377,34.0631],[-117.72392,34.06304]]}},{"type":"Feature","properties":{"kind":"street","label":"Holt Ave"},"geometry":{"type":"LineString","coordinates":[[-117.7192,34.0632],[-117.71937,34.0632],[-117.71992,34.06318],[-117.72027,34.06317],[-117.72079,34.06316],[-117.72129,34.06315],[-117.72146,34.06315]]}},{"type":"Feature","properties":{"kind":"street","label":"Indian Hill Blvd"},"geometry":{"type":"LineString","coordinates":[[-117.71924,34.07062],[-117.71924,34.07092]]}},{"type":"Feature","properties":{"kind":"street","label":"Indian Hill Blvd"},"geometry":{"type":"LineString","coordinates":[[-117.71923,34.06936],[-117.71924,34.07062]]}},{"type":"Feature","properties":{"kind":"street","label":"Indian Hill Blvd"},"geometry":{"type":"LineString","coordinates":[[-117.71923,34.06908],[-117.71923,34.06936]]}},{"type":"Feature","properties":{"kind":"street","label":"Indian Hill Blvd"},"geometry":{"type":"LineString","coordinates":[[-117.71923,34.06881],[-117.71923,34.06908]]}},{"type":"Feature","properties":{"kind":"street","label":"Indian Hill Blvd"},"geometry":{"type":"LineString","coordinates":[[-117.71923,34.06843],[-117.71923,34.06863],[-117.71923,34.06881]]}},{"type":"Feature","properties":{"kind":"street","label":"Indian Hill Blvd"},"geometry":{"type":"LineString","coordinates":[[-117.71923,34.06817],[-117.71923,34.06843]]}},{"type":"Feature","properties":{"kind":"street","label":"Indian Hill Blvd"},"geometry":{"type":"LineString","coordinates":[[-117.71923,34.06734],[-117.71923,34.06746],[-117.71923,34.06774],[-117.71923,34.06817]]}},{"type":"Feature","properties":{"kind":"street","label":"Indian Hill Blvd"},"geometry":{"type":"LineString","coordinates":[[-117.71923,34.06694],[-117.71923,34.06704],[-117.71923,34.06734]]}},{"type":"Feature","properties":{"kind":"street","label":"Indian Hill Blvd"},"geometry":{"type":"LineString","coordinates":[[-117.71922,34.06656],[-117.71923,34.06684],[-117.71923,34.06694]]}},{"type":"Feature","properties":{"kind":"street","label":"Indian Hill Blvd"},"geometry":{"type":"LineString","coordinates":[[-117.71922,34.06609],[-117.71922,34.06633],[-117.71922,34.06656]]}},{"type":"Feature","properties":{"kind":"street","label":"Indian Hill Blvd"},"geometry":{"type":"LineString","coordinates":[[-117.71922,34.06581],[-117.71922,34.06609]]}},{"type":"Feature","properties":{"kind":"street","label":"Indian Hill Blvd"},"geometry":{"type":"LineString","coordinates":[[-117.7192,34.06372],[-117.71921,34.06403],[-117.71921,34.06415],[-117.71921,34.06437],[-117.71921,34.06485],[-117.71921,34.06496],[-117.71921,34.06523],[-117.71922,34.0654],[-117.71922,34.06565],[-117.71922,34.06581]]}},{"type":"Feature","properties":{"kind":"street","label":"Indian Hill Blvd"},"geometry":{"type":"LineString","coordinates":[[-117.7192,34.0632],[-117.7192,34.06329],[-117.7192,34.06359],[-117.7192,34.06372]]}},{"type":"Feature","properties":{"kind":"street","label":"Indian Hill Blvd"},"geometry":{"type":"LineString","coordinates":[[-117.7192,34.06308],[-117.7192,34.0632]]}},{"type":"Feature","properties":{"kind":"street","label":"Indian Hill Blvd"},"geometry":{"type":"LineString","coordinates":[[-117.71927,34.07907],[-117.71928,34.07952]]}},{"type":"Feature","properties":{"kind":"street","label":"Indian Hill Blvd"},"geometry":{"type":"LineString","coordinates":[[-117.71925,34.07765],[-117.71925,34.07778],[-117.71925,34.07808],[-117.71926,34.07839]]}},{"type":"Feature","properties":{"kind":"street","label":"Indian Hill Blvd"},"geometry":{"type":"LineString","coordinates":[[-117.71924,34.07628],[-117.71924,34.0765],[-117.71924,34.07663],[-117.71925,34.07695],[-117.71925,34.07726],[-117.71925,34.07765]]}},{"type":"Feature","properties":{"kind":"street","label":"Indian Hill Blvd"},"geometry":{"type":"LineString","coordinates":[[-117.71924,34.07589],[-117.71924,34.07599],[-117.71924,34.07628]]}},{"type":"Feature","properties":{"kind":"street","label":"Indian Hill Blvd"},"geometry":{"type":"LineString","coordinates":[[-117.71924,34.07545],[-117.71924,34.07559],[-117.71924,34.07577],[-117.71924,34.07589]]}},{"type":"Feature","properties":{"kind":"street","label":"Indian Hill Blvd"},"geometry":{"type":"LineString","coordinates":[[-117.71924,34.07473],[-117.71924,34.07503],[-117.71924,34.07512],[-117.71924,34.07538],[-117.71924,34.07545]]}},{"type":"Feature","properties":{"kind":"street","label":"Indian Hill Blvd"},"geometry":{"type":"LineString","coordinates":[[-117.71924,34.07445],[-117.71924,34.07473]]}},{"type":"Feature","properties":{"kind":"street","label":"Indian Hill Blvd"},"geometry":{"type":"LineString","coordinates":[[-117.71924,34.07374],[-117.71924,34.0739],[-117.71924,34.07401],[-117.71924,34.07413],[-117.71924,34.07419],[-117.71924,34.07445]]}},{"type":"Feature","properties":{"kind":"street","label":"Indian Hill Blvd"},"geometry":{"type":"LineString","coordinates":[[-117.71924,34.07346],[-117.71924,34.07374]]}},{"type":"Feature","properties":{"kind":"street","label":"Indian Hill Blvd"},"geometry":{"type":"LineString","coordinates":[[-117.71924,34.07251],[-117.71924,34.07346]]}},{"type":"Feature","properties":{"kind":"street","label":"Indian Hill Blvd"},"geometry":{"type":"LineString","coordinates":[[-117.71924,34.07226],[-117.71924,34.07251]]}},{"type":"Feature","properties":{"kind":"street","label":"Indian Hill Blvd"},"geometry":{"type":"LineString","coordinates":[[-117.71924,34.07124],[-117.71924,34.07226]]}},{"type":"Feature","properties":{"kind":"street","label":"Indian Hill Blvd"},"geometry":{"type":"LineString","coordinates":[[-117.71924,34.07092],[-117.71924,34.07124]]}},{"type":"Feature","properties":{"kind":"street","label":"Garey Ave"},"geometry":{"type":"LineString","coordinates":[[-117.75015,34.05735],[-117.75013,34.05691]]}},{"type":"Feature","properties":{"kind":"street","label":"Garey Ave"},"geometry":{"type":"LineString","coordinates":[[-117.75015,34.05754],[-117.75015,34.05735]]}},{"type":"Feature","properties":{"kind":"street","label":"Garey Ave"},"geometry":{"type":"LineString","coordinates":[[-117.75017,34.05784],[-117.75016,34.05773],[-117.75015,34.05754]]}},{"type":"Feature","properties":{"kind":"street","label":"Garey Ave"},"geometry":{"type":"LineString","coordinates":[[-117.75029,34.05854],[-117.75027,34.05823]]}},{"type":"Feature","properties":{"kind":"street","label":"Garey Ave"},"geometry":{"type":"LineString","coordinates":[[-117.7502,34.06092],[-117.75022,34.06117]]}},{"type":"Feature","properties":{"kind":"street","label":"Garey Ave"},"geometry":{"type":"LineString","coordinates":[[-117.75018,34.06056],[-117.75019,34.06067],[-117.7502,34.06092]]}},{"type":"Feature","properties":{"kind":"street","label":"Garey Ave"},"geometry":{"type":"LineString","coordinates":[[-117.75022,34.06117],[-117.75023,34.06143]]}},{"type":"Feature","properties":{"kind":"street","label":"Garey Ave"},"geometry":{"type":"LineString","coordinates":[[-117.75023,34.06143],[-117.75026,34.06185]]}},{"type":"Feature","properties":{"kind":"street","label":"Garey Ave"},"geometry":{"type":"LineString","coordinates":[[-117.75026,34.06185],[-117.75026,34.06198],[-117.75027,34.06211]]}},{"type":"Feature","properties":{"kind":"street","label":"Garey Ave"},"geometry":{"type":"LineString","coordinates":[[-117.75027,34.06211],[-117.75028,34.06238]]}},{"type":"Feature","properties":{"kind":"street","label":"Garey Ave"},"geometry":{"type":"LineString","coordinates":[[-117.7503,34.06279],[-117.7503,34.06295],[-117.75032,34.06351]]}},{"type":"Feature","properties":{"kind":"street","label":"Garey Ave"},"geometry":{"type":"LineString","coordinates":[[-117.75028,34.06238],[-117.75029,34.06261],[-117.7503,34.06279]]}},{"type":"Feature","properties":{"kind":"street","label":"Garey Ave"},"geometry":{"type":"LineString","coordinates":[[-117.75033,34.06374],[-117.75034,34.064]]}},{"type":"Feature","properties":{"kind":"street","label":"Garey Ave"},"geometry":{"type":"LineString","coordinates":[[-117.75032,34.06351],[-117.75033,34.06374]]}},{"type":"Feature","properties":{"kind":"street","label":"Garey Ave"},"geometry":{"type":"LineString","coordinates":[[-117.75034,34.064],[-117.75037,34.06456]]}},{"type":"Feature","properties":{"kind":"street","label":"Garey Ave"},"geometry":{"type":"LineString","coordinates":[[-117.75037,34.06456],[-117.75039,34.06466],[-117.75042,34.06474],[-117.75049,34.06487]]}},{"type":"Feature","properties":{"kind":"street","label":"Garey Ave"},"geometry":{"type":"LineString","coordinates":[[-117.75032,34.06056],[-117.75031,34.06044],[-117.75031,34.06038],[-117.75029,34.06003],[-117.75029,34.05963],[-117.7503,34.0594],[-117.75032,34.0591],[-117.75031,34.05871],[-117.75029,34.05854]]}},{"type":"Feature","properties":{"kind":"street","label":"Garey Ave"},"geometry":{"type":"LineString","coordinates":[[-117.74997,34.05329],[-117.74996,34.05293]]}},{"type":"Feature","properties":{"kind":"street","label":"Garey Ave"},"geometry":{"type":"LineString","coordinates":[[-117.74999,34.05366],[-117.74997,34.05329]]}},{"type":"Feature","properties":{"kind":"street","label":"Garey Ave"},"geometry":{"type":"LineString","coordinates":[[-117.75003,34.05418],[-117.74999,34.05366]]}},{"type":"Feature","properties":{"kind":"street","label":"Garey Ave"},"geometry":{"type":"LineString","coordinates":[[-117.75004,34.05435],[-117.75003,34.05418]]}},{"type":"Feature","properties":{"kind":"street","label":"Garey Ave"},"geometry":{"type":"LineString","coordinates":[[-117.75005,34.0546],[-117.75004,34.05435]]}},{"type":"Feature","properties":{"kind":"street","label":"Garey Ave"},"geometry":{"type":"LineString","coordinates":[[-117.75005,34.05469],[-117.75005,34.0546]]}},{"type":"Feature","properties":{"kind":"street","label":"Garey Ave"},"geometry":{"type":"LineString","coordinates":[[-117.75007,34.05512],[-117.75005,34.05469]]}},{"type":"Feature","properties":{"kind":"street","label":"Garey Ave"},"geometry":{"type":"LineString","coordinates":[[-117.75009,34.05554],[-117.75008,34.05546],[-117.75007,34.05512]]}},{"type":"Feature","properties":{"kind":"street","label":"Garey Ave"},"geometry":{"type":"LineString","coordinates":[[-117.75009,34.0558],[-117.75009,34.05554]]}},{"type":"Feature","properties":{"kind":"street","label":"Garey Ave"},"geometry":{"type":"LineString","coordinates":[[-117.75011,34.05635],[-117.7501,34.05601]]}},{"type":"Feature","properties":{"kind":"street","label":"Garey Ave"},"geometry":{"type":"LineString","coordinates":[[-117.7501,34.05601],[-117.75009,34.0558]]}},{"type":"Feature","properties":{"kind":"street","label":"Garey Ave"},"geometry":{"type":"LineString","coordinates":[[-117.75013,34.05691],[-117.75011,34.0565]]}},{"type":"Feature","properties":{"kind":"street","label":"Reservoir St"},"geometry":{"type":"LineString","coordinates":[[-117.73259,34.05554],[-117.73259,34.05542],[-117.73258,34.05513]]}},{"type":"Feature","properties":{"kind":"street","label":"Reservoir St"},"geometry":{"type":"LineString","coordinates":[[-117.73261,34.05597],[-117.7326,34.05586],[-117.7326,34.05569],[-117.73259,34.05554]]}},{"type":"Feature","properties":{"kind":"street","label":"Reservoir St"},"geometry":{"type":"LineString","coordinates":[[-117.73262,34.05646],[-117.73261,34.05597]]}},{"type":"Feature","properties":{"kind":"street","label":"Reservoir St"},"geometry":{"type":"LineString","coordinates":[[-117.73264,34.05668],[-117.73262,34.05646]]}},{"type":"Feature","properties":{"kind":"street","label":"Reservoir St"},"geometry":{"type":"LineString","coordinates":[[-117.73268,34.05736],[-117.73264,34.05668]]}},{"type":"Feature","properties":{"kind":"street","label":"Reservoir St"},"geometry":{"type":"LineString","coordinates":[[-117.73268,34.05762],[-117.73268,34.05736]]}},{"type":"Feature","properties":{"kind":"street","label":"Reservoir St"},"geometry":{"type":"LineString","coordinates":[[-117.73269,34.05802],[-117.73268,34.05762]]}},{"type":"Feature","properties":{"kind":"street","label":"Reservoir St"},"geometry":{"type":"LineString","coordinates":[[-117.73269,34.05824],[-117.73269,34.05817],[-117.73269,34.05802]]}},{"type":"Feature","properties":{"kind":"street","label":"Reservoir St"},"geometry":{"type":"LineString","coordinates":[[-117.73269,34.05853],[-117.73269,34.05824]]}},{"type":"Feature","properties":{"kind":"street","label":"Reservoir St"},"geometry":{"type":"LineString","coordinates":[[-117.73275,34.05874],[-117.73269,34.05853]]}},{"type":"Feature","properties":{"kind":"street","label":"Reservoir St"},"geometry":{"type":"LineString","coordinates":[[-117.73276,34.06017],[-117.73276,34.06041]]}},{"type":"Feature","properties":{"kind":"street","label":"Reservoir St"},"geometry":{"type":"LineString","coordinates":[[-117.73276,34.06041],[-117.73277,34.0607]]}},{"type":"Feature","properties":{"kind":"street","label":"Reservoir St"},"geometry":{"type":"LineString","coordinates":[[-117.73277,34.0607],[-117.73278,34.06098]]}},{"type":"Feature","properties":{"kind":"street","label":"Reservoir St"},"geometry":{"type":"LineString","coordinates":[[-117.73278,34.06098],[-117.73279,34.06124]]}},{"type":"Feature","properties":{"kind":"street","label":"Reservoir St"},"geometry":{"type":"LineString","coordinates":[[-117.73268,34.05981],[-117.73269,34.06004],[-117.73276,34.06017]]}},{"type":"Feature","properties":{"kind":"street","label":"Reservoir St"},"geometry":{"type":"LineString","coordinates":[[-117.73283,34.06238],[-117.73284,34.06281]]}},{"type":"Feature","properties":{"kind":"street","label":"San Antonio Ave"},"geometry":{"type":"LineString","coordinates":[[-117.73698,34.05585],[-117.73697,34.05544]]}},{"type":"Feature","properties":{"kind":"street","label":"San Antonio Ave"},"geometry":{"type":"LineString","coordinates":[[-117.73708,34.05902],[-117.73708,34.05896],[-117.73706,34.05868]]}},{"type":"Feature","properties":{"kind":"street","label":"San Antonio Ave"},"geometry":{"type":"LineString","coordinates":[[-117.73714,34.06061],[-117.73714,34.06084]]}},{"type":"Feature","properties":{"kind":"street","label":"San Antonio Ave"},"geometry":{"type":"LineString","coordinates":[[-117.73714,34.06084],[-117.73714,34.06106]]}},{"type":"Feature","properties":{"kind":"street","label":"San Antonio Ave"},"geometry":{"type":"LineString","coordinates":[[-117.73714,34.06106],[-117.73714,34.06131],[-117.73714,34.06139],[-117.73714,34.06154],[-117.73715,34.06181]]}},{"type":"Feature","properties":{"kind":"street","label":"San Antonio Ave"},"geometry":{"type":"LineString","coordinates":[[-117.73675,34.06225],[-117.73673,34.06229]]}},{"type":"Feature","properties":{"kind":"street","label":"San Antonio Ave"},"geometry":{"type":"LineString","coordinates":[[-117.73697,34.06194],[-117.73676,34.06222],[-117.73675,34.06225]]}},{"type":"Feature","properties":{"kind":"street","label":"San Antonio Ave"},"geometry":{"type":"LineString","coordinates":[[-117.73666,34.06272],[-117.73672,34.06255],[-117.73678,34.06243],[-117.73687,34.06227],[-117.73705,34.06203]]}},{"type":"Feature","properties":{"kind":"street","label":"San Antonio Ave"},"geometry":{"type":"LineString","coordinates":[[-117.73705,34.06203],[-117.73713,34.06191],[-117.73715,34.06181]]}},{"type":"Feature","properties":{"kind":"street","label":"San Antonio Ave"},"geometry":{"type":"LineString","coordinates":[[-117.73715,34.06181],[-117.73704,34.06185],[-117.73699,34.06192],[-117.73697,34.06194]]}},{"type":"Feature","properties":{"kind":"street","label":"San Antonio Ave"},"geometry":{"type":"LineString","coordinates":[[-117.73666,34.06272],[-117.73665,34.0631]]}},{"type":"Feature","properties":{"kind":"street","label":"San Antonio Ave"},"geometry":{"type":"LineString","coordinates":[[-117.73665,34.0631],[-117.73665,34.06328]]}},{"type":"Feature","properties":{"kind":"street","label":"San Antonio Ave"},"geometry":{"type":"LineString","coordinates":[[-117.73673,34.06229],[-117.73666,34.0624],[-117.73664,34.06247],[-117.73662,34.06253],[-117.73661,34.0626],[-117.73666,34.06272]]}},{"type":"Feature","properties":{"kind":"street","label":"San Antonio Ave"},"geometry":{"type":"LineString","coordinates":[[-117.73666,34.06594],[-117.73667,34.06647]]}},{"type":"Feature","properties":{"kind":"street","label":"San Antonio Ave"},"geometry":{"type":"LineString","coordinates":[[-117.73667,34.06647],[-117.73666,34.06701]]}},{"type":"Feature","properties":{"kind":"street","label":"San Antonio Ave"},"geometry":{"type":"LineString","coordinates":[[-117.73666,34.06701],[-117.73666,34.0678]]}},{"type":"Feature","properties":{"kind":"street","label":"San Antonio Ave"},"geometry":{"type":"LineString","coordinates":[[-117.73666,34.0678],[-117.73667,34.06803],[-117.73667,34.06829]]}},{"type":"Feature","properties":{"kind":"street","label":"San Antonio Ave"},"geometry":{"type":"LineString","coordinates":[[-117.73666,34.06342],[-117.73666,34.064],[-117.73666,34.06428],[-117.73665,34.06452],[-117.73665,34.0648],[-117.73666,34.06527],[-117.73666,34.06575],[-117.73666,34.06594]]}},{"type":"Feature","properties":{"kind":"street","label":"Towne Ave"},"geometry":{"type":"LineString","coordinates":[[-117.7415,34.06023],[-117.74151,34.06065],[-117.74152,34.06077]]}},{"type":"Feature","properties":{"kind":"street","label":"Towne Ave"},"geometry":{"type":"LineString","coordinates":[[-117.74152,34.06077],[-117.74152,34.06092],[-117.74153,34.06113]]}},{"type":"Feature","properties":{"kind":"street","label":"Towne Ave"},"geometry":{"type":"LineString","coordinates":[[-117.74153,34.06113],[-117.74157,34.06167],[-117.74158,34.06208],[-117.74158,34.06215],[-117.74158,34.06221]]}},{"type":"Feature","properties":{"kind":"street","label":"Towne Ave"},"geometry":{"type":"LineString","coordinates":[[-117.74158,34.06221],[-117.74158,34.06246],[-117.74159,34.06261]]}},{"type":"Feature","properties":{"kind":"street","label":"Towne Ave"},"geometry":{"type":"LineString","coordinates":[[-117.74159,34.06261],[-117.74154,34.06273],[-117.74156,34.06298],[-117.74157,34.0631]]}},{"type":"Feature","properties":{"kind":"street","label":"Towne Ave"},"geometry":{"type":"LineString","coordinates":[[-117.74157,34.0631],[-117.74157,34.06319],[-117.74159,34.06373],[-117.7416,34.06388],[-117.7416,34.06448],[-117.74163,34.06515],[-117.74166,34.06607]]}},{"type":"Feature","properties":{"kind":"street","label":"Towne Ave"},"geometry":{"type":"LineString","coordinates":[[-117.74166,34.06607],[-117.74168,34.0663],[-117.74168,34.06639]]}},{"type":"Feature","properties":{"kind":"street","label":"Towne Ave"},"geometry":{"type":"LineString","coordinates":[[-117.74168,34.06639],[-117.7417,34.06671]]}},{"type":"Feature","properties":{"kind":"street","label":"Towne Ave"},"geometry":{"type":"LineString","coordinates":[[-117.7417,34.06671],[-117.74171,34.06688],[-117.74172,34.06716]]}},{"type":"Feature","properties":{"kind":"street","label":"Towne Ave"},"geometry":{"type":"LineString","coordinates":[[-117.74172,34.0674],[-117.74173,34.06755],[-117.74173,34.06766]]}},{"type":"Feature","properties":{"kind":"street","label":"Towne Ave"},"geometry":{"type":"LineString","coordinates":[[-117.74173,34.06766],[-117.74175,34.068]]}},{"type":"Feature","properties":{"kind":"street","label":"Towne Ave"},"geometry":{"type":"LineString","coordinates":[[-117.7414,34.05967],[-117.74143,34.06015],[-117.7415,34.06023]]}},{"type":"Feature","properties":{"kind":"street","label":"Holt Ave"},"geometry":{"type":"LineString","coordinates":[[-117.72975,34.06288],[-117.7295,34.06288],[-117.72933,34.06289]]}},{"type":"Feature","properties":{"kind":"street","label":"Holt Ave"},"geometry":{"type":"LineString","coordinates":[[-117.73284,34.06281],[-117.73255,34.06282],[-117.73229,34.06283]]}},{"type":"Feature","properties":{"kind":"street","label":"Holt Ave"},"geometry":{"type":"LineString","coordinates":[[-117.73332,34.0628],[-117.73284,34.06281]]}},{"type":"Feature","properties":{"kind":"street","label":"Holt Ave"},"geometry":{"type":"LineString","coordinates":[[-117.73229,34.06283],[-117.73172,34.06283],[-117.73119,34.06285],[-117.7309,34.06286],[-117.73068,34.06286],[-117.73048,34.06287],[-117.73034,34.06287],[-117.7301,34.06287],[-117.72975,34.06288]]}},{"type":"Feature","properties":{"kind":"street","label":"Holt Ave"},"geometry":{"type":"LineString","coordinates":[[-117.73666,34.06272],[-117.73619,34.06271],[-117.73609,34.06271],[-117.73598,34.06272]]}},{"type":"Feature","properties":{"kind":"street","label":"Holt Ave"},"geometry":{"type":"LineString","coordinates":[[-117.73728,34.06271],[-117.73666,34.06272]]}},{"type":"Feature","properties":{"kind":"street","label":"Holt Ave"},"geometry":{"type":"LineString","coordinates":[[-117.73951,34.0626],[-117.73883,34.06262],[-117.73803,34.06263],[-117.73777,34.06264],[-117.73762,34.06271]]}},{"type":"Feature","properties":{"kind":"street","label":"Holt Ave"},"geometry":{"type":"LineString","coordinates":[[-117.74159,34.06261],[-117.74142,34.06261],[-117.74125,34.06262],[-117.74108,34.06262]]}},{"type":"Feature","properties":{"kind":"street","label":"Holt Ave"},"geometry":{"type":"LineString","coordinates":[[-117.7424,34.06259],[-117.74232,34.06259],[-117.74218,34.06259],[-117.74176,34.06261],[-117.74159,34.06261]]}},{"type":"Feature","properties":{"kind":"street","label":"Holt Ave"},"geometry":{"type":"LineString","coordinates":[[-117.74344,34.06256],[-117.74277,34.06258],[-117.7424,34.06259]]}},{"type":"Feature","properties":{"kind":"street","label":"Holt Ave"},"geometry":{"type":"LineString","coordinates":[[-117.74375,34.06255],[-117.74358,34.06255]]}},{"type":"Feature","properties":{"kind":"street","label":"Holt Ave"},"geometry":{"type":"LineString","coordinates":[[-117.74546,34.0625],[-117.74538,34.06247],[-117.74518,34.06247],[-117.74468,34.06248],[-117.74417,34.06249]]}},{"type":"Feature","properties":{"kind":"street","label":"Holt Ave"},"geometry":{"type":"LineString","coordinates":[[-117.74594,34.06249],[-117.74573,34.06249],[-117.74548,34.0625],[-117.74546,34.0625]]}},{"type":"Feature","properties":{"kind":"street","label":"Holt Ave"},"geometry":{"type":"LineString","coordinates":[[-117.74648,34.06247],[-117.74622,34.06248],[-117.74594,34.06249]]}},{"type":"Feature","properties":{"kind":"street","label":"Holt Ave"},"geometry":{"type":"LineString","coordinates":[[-117.74774,34.06242],[-117.74679,34.06245],[-117.7465,34.06247],[-117.74648,34.06247]]}},{"type":"Feature","properties":{"kind":"street","label":"Holt Ave"},"geometry":{"type":"LineString","coordinates":[[-117.74811,34.0624],[-117.74796,34.06241],[-117.74774,34.06242]]}},{"type":"Feature","properties":{"kind":"street","label":"Holt Ave"},"geometry":{"type":"LineString","coordinates":[[-117.74857,34.0624],[-117.74811,34.0624]]}},{"type":"Feature","properties":{"kind":"street","label":"Holt Ave"},"geometry":{"type":"LineString","coordinates":[[-117.7495,34.06238],[-117.74924,34.06239],[-117.7486,34.0624],[-117.74857,34.0624]]}},{"type":"Feature","properties":{"kind":"street","label":"Holt Ave"},"geometry":{"type":"LineString","coordinates":[[-117.75028,34.06238],[-117.75006,34.06238],[-117.74982,34.06238],[-117.74971,34.06238],[-117.7495,34.06238]]}},{"type":"Feature","properties":{"kind":"street","label":"Holt Ave"},"geometry":{"type":"LineString","coordinates":[[-117.75113,34.06236],[-117.7504,34.06237]]}},{"type":"Feature","properties":{"kind":"street","label":"Mission Blvd"},"geometry":{"type":"LineString","coordinates":[[-117.73259,34.05554],[-117.73244,34.05555],[-117.73229,34.05555],[-117.73203,34.05556],[-117.73199,34.05556]]}},{"type":"Feature","properties":{"kind":"street","label":"Mission Blvd"},"geometry":{"type":"LineString","coordinates":[[-117.73316,34.05553],[-117.73296,34.05553],[-117.73276,34.05554],[-117.73259,34.05554]]}},{"type":"Feature","properties":{"kind":"street","label":"Mission Blvd"},"geometry":{"type":"LineString","coordinates":[[-117.73477,34.05549],[-117.73423,34.0555],[-117.73389,34.05551],[-117.73331,34.05552],[-117.73316,34.05553]]}},{"type":"Feature","properties":{"kind":"street","label":"Mission Blvd"},"geometry":{"type":"LineString","coordinates":[[-117.73516,34.05548],[-117.73505,34.05548],[-117.73477,34.05549]]}},{"type":"Feature","properties":{"kind":"street","label":"Mission Blvd"},"geometry":{"type":"LineString","coordinates":[[-117.73631,34.05545],[-117.73621,34.05545],[-117.73603,34.05546],[-117.73581,34.05546],[-117.73566,34.05547],[-117.73533,34.05547],[-117.73516,34.05548]]}},{"type":"Feature","properties":{"kind":"street","label":"Mission Blvd"},"geometry":{"type":"LineString","coordinates":[[-117.73697,34.05544],[-117.73631,34.05545]]}},{"type":"Feature","properties":{"kind":"street","label":"Mission Blvd"},"geometry":{"type":"LineString","coordinates":[[-117.73753,34.05542],[-117.7374,34.05542],[-117.73697,34.05544]]}},{"type":"Feature","properties":{"kind":"street","label":"Mission Blvd"},"geometry":{"type":"LineString","coordinates":[[-117.7388,34.05537],[-117.73753,34.05542]]}},{"type":"Feature","properties":{"kind":"street","label":"Mission Blvd"},"geometry":{"type":"LineString","coordinates":[[-117.73913,34.05536],[-117.7388,34.05537]]}},{"type":"Feature","properties":{"kind":"street","label":"Mission Blvd"},"geometry":{"type":"LineString","coordinates":[[-117.73947,34.05535],[-117.73913,34.05536]]}},{"type":"Feature","properties":{"kind":"street","label":"Mission Blvd"},"geometry":{"type":"LineString","coordinates":[[-117.74063,34.05532],[-117.74001,34.05534],[-117.73962,34.05535],[-117.73947,34.05535]]}},{"type":"Feature","properties":{"kind":"street","label":"Mission Blvd"},"geometry":{"type":"LineString","coordinates":[[-117.7413,34.05531],[-117.74116,34.05531],[-117.74077,34.05532],[-117.74068,34.05532],[-117.74063,34.05532]]}},{"type":"Feature","properties":{"kind":"street","label":"Mission Blvd"},"geometry":{"type":"LineString","coordinates":[[-117.74198,34.0553],[-117.74189,34.0553],[-117.74159,34.0553],[-117.74149,34.0553],[-117.7413,34.05531]]}},{"type":"Feature","properties":{"kind":"street","label":"Mission Blvd"},"geometry":{"type":"LineString","coordinates":[[-117.74217,34.0553],[-117.74198,34.0553]]}},{"type":"Feature","properties":{"kind":"street","label":"Mission Blvd"},"geometry":{"type":"LineString","coordinates":[[-117.74242,34.05529],[-117.74217,34.0553]]}},{"type":"Feature","properties":{"kind":"street","label":"Mission Blvd"},"geometry":{"type":"LineString","coordinates":[[-117.74309,34.05528],[-117.74242,34.05529]]}},{"type":"Feature","properties":{"kind":"street","label":"Mission Blvd"},"geometry":{"type":"LineString","coordinates":[[-117.74351,34.05527],[-117.74309,34.05528]]}},{"type":"Feature","properties":{"kind":"street","label":"Mission Blvd"},"geometry":{"type":"LineString","coordinates":[[-117.74405,34.05525],[-117.74351,34.05527]]}},{"type":"Feature","properties":{"kind":"street","label":"Mission Blvd"},"geometry":{"type":"LineString","coordinates":[[-117.74425,34.05525],[-117.74405,34.05525]]}},{"type":"Feature","properties":{"kind":"street","label":"Mission Blvd"},"geometry":{"type":"LineString","coordinates":[[-117.74459,34.05524],[-117.74425,34.05525]]}},{"type":"Feature","properties":{"kind":"street","label":"Mission Blvd"},"geometry":{"type":"LineString","coordinates":[[-117.745,34.05523],[-117.74459,34.05524]]}},{"type":"Feature","properties":{"kind":"street","label":"Mission Blvd"},"geometry":{"type":"LineString","coordinates":[[-117.74519,34.05523],[-117.745,34.05523]]}},{"type":"Feature","properties":{"kind":"street","label":"Mission Blvd"},"geometry":{"type":"LineString","coordinates":[[-117.74571,34.05522],[-117.74519,34.05523]]}},{"type":"Feature","properties":{"kind":"street","label":"Mission Blvd"},"geometry":{"type":"LineString","coordinates":[[-117.74606,34.05521],[-117.74571,34.05522]]}},{"type":"Feature","properties":{"kind":"street","label":"Mission Blvd"},"geometry":{"type":"LineString","coordinates":[[-117.74659,34.0552],[-117.74606,34.05521]]}},{"type":"Feature","properties":{"kind":"street","label":"Mission Blvd"},"geometry":{"type":"LineString","coordinates":[[-117.74679,34.05519],[-117.74659,34.0552]]}},{"type":"Feature","properties":{"kind":"street","label":"Mission Blvd"},"geometry":{"type":"LineString","coordinates":[[-117.74708,34.05518],[-117.74679,34.05519]]}},{"type":"Feature","properties":{"kind":"street","label":"Mission Blvd"},"geometry":{"type":"LineString","coordinates":[[-117.74759,34.05517],[-117.74714,34.05518],[-117.74708,34.05518]]}},{"type":"Feature","properties":{"kind":"street","label":"Mission Blvd"},"geometry":{"type":"LineString","coordinates":[[-117.74789,34.05516],[-117.74759,34.05517]]}},{"type":"Feature","properties":{"kind":"street","label":"Mission Blvd"},"geometry":{"type":"LineString","coordinates":[[-117.74817,34.05515],[-117.74789,34.05516]]}},{"type":"Feature","properties":{"kind":"street","label":"Mission Blvd"},"geometry":{"type":"LineString","coordinates":[[-117.74869,34.05514],[-117.74843,34.05514],[-117.74817,34.05515]]}},{"type":"Feature","properties":{"kind":"street","label":"Mission Blvd"},"geometry":{"type":"LineString","coordinates":[[-117.74894,34.05513],[-117.74869,34.05514]]}},{"type":"Feature","properties":{"kind":"street","label":"Mission Blvd"},"geometry":{"type":"LineString","coordinates":[[-117.74919,34.05513],[-117.74894,34.05513]]}},{"type":"Feature","properties":{"kind":"street","label":"Mission Blvd"},"geometry":{"type":"LineString","coordinates":[[-117.7494,34.05513],[-117.74919,34.05513]]}},{"type":"Feature","properties":{"kind":"street","label":"Mission Blvd"},"geometry":{"type":"LineString","coordinates":[[-117.75007,34.05512],[-117.74944,34.05513],[-117.7494,34.05513]]}},{"type":"Feature","properties":{"kind":"street","label":"Mission Blvd"},"geometry":{"type":"LineString","coordinates":[[-117.75007,34.05512],[-117.75079,34.05511]]}},{"type":"Feature","properties":{"kind":"street","label":"Holt Ave"},"geometry":{"type":"LineString","coordinates":[[-117.75466,34.06226],[-117.75425,34.06228]]}},{"type":"Feature","properties":{"kind":"street","label":"Holt Ave"},"geometry":{"type":"LineString","coordinates":[[-117.75528,34.06225],[-117.75519,34.06225],[-117.75508,34.06226],[-117.75466,34.06226]]}},{"type":"Feature","properties":{"kind":"street","label":"Holt Ave"},"geometry":{"type":"LineString","coordinates":[[-117.75836,34.06218],[-117.75816,34.06218],[-117.75742,34.0622],[-117.75686,34.06221],[-117.75631,34.06223],[-117.75606,34.06223],[-117.75588,34.06224],[-117.75569,34.06224],[-117.75528,34.06225]]}},{"type":"Feature","properties":{"kind":"street","label":"Holt Ave"},"geometry":{"type":"LineString","coordinates":[[-117.75905,34.06216],[-117.75849,34.06218],[-117.75836,34.06218]]}},{"type":"Feature","properties":{"kind":"street","label":"Holt Ave"},"geometry":{"type":"LineString","coordinates":[[-117.75967,34.06214],[-117.75959,34.06215],[-117.75936,34.06215],[-117.75905,34.06216]]}},{"type":"Feature","properties":{"kind":"street","label":"Holt Ave"},"geometry":{"type":"LineString","coordinates":[[-117.76094,34.06211],[-117.76065,34.06212],[-117.75967,34.06214]]}},{"type":"Feature","properties":{"kind":"street","label":"Holt Ave"},"geometry":{"type":"LineString","coordinates":[[-117.76123,34.0621],[-117.76094,34.06211]]}},{"type":"Feature","properties":{"kind":"street","label":"Holt Ave"},"geometry":{"type":"LineString","coordinates":[[-117.76294,34.06206],[-117.76146,34.0621],[-117.76123,34.0621]]}},{"type":"Feature","properties":{"kind":"street","label":"Holt Ave"},"geometry":{"type":"LineString","coordinates":[[-117.76343,34.06205],[-117.76294,34.06206]]}},{"type":"Feature","properties":{"kind":"street","label":"Holt Ave"},"geometry":{"type":"LineString","coordinates":[[-117.76387,34.06204],[-117.76343,34.06205]]}},{"type":"Feature","properties":{"kind":"street","label":"Holt Ave"},"geometry":{"type":"LineString","coordinates":[[-117.76832,34.06192],[-117.76784,34.06194],[-117.76746,34.06195],[-117.7671,34.06196],[-117.76636,34.06198],[-117.76607,34.06199],[-117.76563,34.062],[-117.76535,34.062],[-117.76526,34.06201],[-117.76511,34.06201],[-117.76387,34.06204]]}},{"type":"Feature","properties":{"kind":"street","label":"Holt Ave"},"geometry":{"type":"LineString","coordinates":[[-117.76858,34.06192],[-117.76832,34.06192]]}},{"type":"Feature","properties":{"kind":"street","label":"Holt Ave"},"geometry":{"type":"LineString","coordinates":[[-117.76912,34.06191],[-117.76879,34.06192],[-117.76858,34.06192]]}},{"type":"Feature","properties":{"kind":"street","label":"Holt Ave"},"geometry":{"type":"LineString","coordinates":[[-117.76958,34.06191],[-117.76912,34.06191]]}},{"type":"Feature","properties":{"kind":"street","label":"Holt Ave"},"geometry":{"type":"LineString","coordinates":[[-117.76989,34.0619],[-117.76958,34.06191]]}},{"type":"Feature","properties":{"kind":"street","label":"Holt Ave"},"geometry":{"type":"LineString","coordinates":[[-117.77075,34.06188],[-117.7701,34.0619],[-117.76989,34.0619]]}},{"type":"Feature","properties":{"kind":"street","label":"Holt Ave"},"geometry":{"type":"LineString","coordinates":[[-117.77101,34.06188],[-117.77075,34.06188]]}},{"type":"Feature","properties":{"kind":"street","label":"Holt Ave"},"geometry":{"type":"LineString","coordinates":[[-117.77265,34.06184],[-117.77202,34.06185],[-117.77101,34.06188]]}},{"type":"Feature","properties":{"kind":"street","label":"Holt Ave"},"geometry":{"type":"LineString","coordinates":[[-117.7729,34.06183],[-117.77271,34.06184],[-117.77265,34.06184]]}},{"type":"Feature","properties":{"kind":"street","label":"Holt Ave"},"geometry":{"type":"LineString","coordinates":[[-117.77633,34.06174],[-117.77621,34.06174],[-117.77566,34.06175],[-117.77547,34.06176],[-117.77508,34.06177],[-117.77486,34.06178],[-117.77473,34.06178],[-117.77463,34.06178],[-117.77429,34.06179],[-117.77401,34.0618],[-117.7739,34.0618],[-117.77349,34.06181],[-117.77311,34.06182],[-117.7729,34.06183]]}},{"type":"Feature","properties":{"kind":"street","label":"Garey Ave"},"geometry":{"type":"LineString","coordinates":[[-117.75132,34.06643],[-117.75146,34.06671]]}},{"type":"Feature","properties":{"kind":"street","label":"Garey Ave"},"geometry":{"type":"LineString","coordinates":[[-117.75158,34.0669],[-117.75168,34.0671],[-117.75179,34.0673],[-117.75184,34.06738]]}},{"type":"Feature","properties":{"kind":"street","label":"Garey Ave"},"geometry":{"type":"LineString","coordinates":[[-117.75146,34.06671],[-117.75158,34.0669]]}},{"type":"Feature","properties":{"kind":"street","label":"Garey Ave"},"geometry":{"type":"LineString","coordinates":[[-117.75184,34.06738],[-117.75187,34.06745]]}},{"type":"Feature","properties":{"kind":"street","label":"Garey Ave"},"geometry":{"type":"LineString","coordinates":[[-117.75199,34.06783],[-117.75199,34.06794],[-117.75199,34.06807]]}},{"type":"Feature","properties":{"kind":"street","label":"Garey Ave"},"geometry":{"type":"LineString","coordinates":[[-117.75199,34.06807],[-117.752,34.06821],[-117.75201,34.06872]]}},{"type":"Feature","properties":{"kind":"street","label":"Garey Ave"},"geometry":{"type":"LineString","coordinates":[[-117.75201,34.06872],[-117.75203,34.06922]]}},{"type":"Feature","properties":{"kind":"street","label":"Garey Ave"},"geometry":{"type":"LineString","coordinates":[[-117.75205,34.06973],[-117.75207,34.07025],[-117.75208,34.07076]]}},{"type":"Feature","properties":{"kind":"street","label":"Mission Blvd"},"geometry":{"type":"LineString","coordinates":[[-117.7697,34.05464],[-117.76996,34.05463]]}},{"type":"Feature","properties":{"kind":"street","label":"Mission Blvd"},"geometry":{"type":"LineString","coordinates":[[-117.77259,34.05453],[-117.77267,34.05458],[-117.77288,34.05459],[-117.77311,34.05457]]}},{"type":"Feature","properties":{"kind":"street","label":"Mission Blvd"},"geometry":{"type":"LineString","coordinates":[[-117.76752,34.05467],[-117.76791,34.05467]]}},{"type":"Feature","properties":{"kind":"street","label":"Mission Blvd"},"geometry":{"type":"LineString","coordinates":[[-117.76717,34.05468],[-117.76752,34.05467]]}},{"type":"Feature","properties":{"kind":"street","label":"Mission Blvd"},"geometry":{"type":"LineString","coordinates":[[-117.76561,34.05472],[-117.76717,34.05468]]}},{"type":"Feature","properties":{"kind":"street","label":"Mission Blvd"},"geometry":{"type":"LineString","coordinates":[[-117.76535,34.05472],[-117.76561,34.05472]]}},{"type":"Feature","properties":{"kind":"street","label":"Mission Blvd"},"geometry":{"type":"LineString","coordinates":[[-117.76507,34.05473],[-117.76535,34.05472]]}},{"type":"Feature","properties":{"kind":"street","label":"Mission Blvd"},"geometry":{"type":"LineString","coordinates":[[-117.76359,34.05478],[-117.76381,34.05477],[-117.76418,34.05476],[-117.7643,34.05476],[-117.7645,34.05475],[-117.76475,34.05474],[-117.76498,34.05474],[-117.76507,34.05473]]}},{"type":"Feature","properties":{"kind":"street","label":"Mission Blvd"},"geometry":{"type":"LineString","coordinates":[[-117.76316,34.05479],[-117.76359,34.05478]]}},{"type":"Feature","properties":{"kind":"street","label":"Mission Blvd"},"geometry":{"type":"LineString","coordinates":[[-117.76272,34.0548],[-117.76316,34.05479]]}},{"type":"Feature","properties":{"kind":"street","label":"Mission Blvd"},"geometry":{"type":"LineString","coordinates":[[-117.76123,34.05483],[-117.7619,34.05482],[-117.76241,34.05481],[-117.76272,34.0548]]}},{"type":"Feature","properties":{"kind":"street","label":"Mission Blvd"},"geometry":{"type":"LineString","coordinates":[[-117.76096,34.05484],[-117.76123,34.05483]]}},{"type":"Feature","properties":{"kind":"street","label":"Mission Blvd"},"geometry":{"type":"LineString","coordinates":[[-117.76068,34.05485],[-117.76096,34.05484]]}},{"type":"Feature","properties":{"kind":"street","label":"Mission Blvd"},"geometry":{"type":"LineString","coordinates":[[-117.7588,34.05488],[-117.75894,34.05488],[-117.75918,34.05487],[-117.75932,34.05487],[-117.75968,34.05486],[-117.75986,34.05486],[-117.76025,34.05485],[-117.76068,34.05485]]}},{"type":"Feature","properties":{"kind":"street","label":"Mission Blvd"},"geometry":{"type":"LineString","coordinates":[[-117.7581,34.05489],[-117.7583,34.05489],[-117.7588,34.05488]]}},{"type":"Feature","properties":{"kind":"street","label":"Mission Blvd"},"geometry":{"type":"LineString","coordinates":[[-117.75796,34.05489],[-117.7581,34.05489]]}},{"type":"Feature","properties":{"kind":"street","label":"Mission Blvd"},"geometry":{"type":"LineString","coordinates":[[-117.75767,34.05489],[-117.75786,34.05489],[-117.75796,34.05489]]}},{"type":"Feature","properties":{"kind":"street","label":"Mission Blvd"},"geometry":{"type":"LineString","coordinates":[[-117.75726,34.05491],[-117.75767,34.05489]]}},{"type":"Feature","properties":{"kind":"street","label":"Mission Blvd"},"geometry":{"type":"LineString","coordinates":[[-117.75706,34.05491],[-117.75726,34.05491]]}},{"type":"Feature","properties":{"kind":"street","label":"Mission Blvd"},"geometry":{"type":"LineString","coordinates":[[-117.75662,34.05493],[-117.75706,34.05491]]}},{"type":"Feature","properties":{"kind":"street","label":"Mission Blvd"},"geometry":{"type":"LineString","coordinates":[[-117.75615,34.05494],[-117.75662,34.05493]]}},{"type":"Feature","properties":{"kind":"street","label":"Mission Blvd"},"geometry":{"type":"LineString","coordinates":[[-117.75597,34.05495],[-117.75615,34.05494]]}},{"type":"Feature","properties":{"kind":"street","label":"Mission Blvd"},"geometry":{"type":"LineString","coordinates":[[-117.75551,34.05497],[-117.75597,34.05495]]}},{"type":"Feature","properties":{"kind":"street","label":"Mission Blvd"},"geometry":{"type":"LineString","coordinates":[[-117.75524,34.05497],[-117.75551,34.05497]]}},{"type":"Feature","properties":{"kind":"street","label":"Mission Blvd"},"geometry":{"type":"LineString","coordinates":[[-117.75504,34.05497],[-117.75524,34.05497]]}},{"type":"Feature","properties":{"kind":"street","label":"Mission Blvd"},"geometry":{"type":"LineString","coordinates":[[-117.75442,34.05498],[-117.75504,34.05497]]}},{"type":"Feature","properties":{"kind":"street","label":"Mission Blvd"},"geometry":{"type":"LineString","coordinates":[[-117.7538,34.055],[-117.75399,34.05499]]}},{"type":"Feature","properties":{"kind":"street","label":"Mission Blvd"},"geometry":{"type":"LineString","coordinates":[[-117.75282,34.05503],[-117.75336,34.05501]]}},{"type":"Feature","properties":{"kind":"street","label":"Mission Blvd"},"geometry":{"type":"LineString","coordinates":[[-117.75224,34.05504],[-117.75282,34.05503]]}},{"type":"Feature","properties":{"kind":"street","label":"Mission Blvd"},"geometry":{"type":"LineString","coordinates":[[-117.75178,34.05507],[-117.75224,34.05504]]}},{"type":"Feature","properties":{"kind":"street","label":"Mission Blvd"},"geometry":{"type":"LineString","coordinates":[[-117.75079,34.05511],[-117.75116,34.0551],[-117.75178,34.05507]]}},{"type":"Feature","properties":{"kind":"street","label":"Mission Blvd"},"geometry":{"type":"LineString","coordinates":[[-117.78581,34.05284],[-117.78538,34.0529]]}},{"type":"Feature","properties":{"kind":"street","label":"Mission Blvd"},"geometry":{"type":"LineString","coordinates":[[-117.78685,34.05271],[-117.78581,34.05284]]}},{"type":"Feature","properties":{"kind":"street","label":"Mission Blvd"},"geometry":{"type":"LineString","coordinates":[[-117.77311,34.05457],[-117.77348,34.05453],[-117.77356,34.05452]]}},{"type":"Feature","properties":{"kind":"street","label":"Mission Blvd"},"geometry":{"type":"LineString","coordinates":[[-117.77353,34.05438],[-117.77346,34.05439],[-117.77297,34.05445],[-117.77286,34.05446],[-117.77274,34.05447],[-117.77259,34.05453]]}},{"type":"Feature","properties":{"kind":"street","label":"Mission Blvd"},"geometry":{"type":"LineString","coordinates":[[-117.76996,34.05463],[-117.77094,34.05459],[-117.77212,34.05455],[-117.77226,34.05454],[-117.77259,34.05453]]}},{"type":"Feature","properties":{"kind":"street","label":"Towne Ave"},"geometry":{"type":"LineString","coordinates":[[-117.74213,34.07581],[-117.74212,34.0757],[-117.74205,34.07405],[-117.74203,34.07358],[-117.74202,34.07329],[-117.74201,34.07317],[-117.74199,34.07272],[-117.74199,34.07234],[-117.74197,34.07174],[-117.74193,34.07123],[-117.74192,34.07082],[-117.74192,34.07071]]}},{"type":"Feature","properties":{"kind":"street","label":"Towne Ave"},"geometry":{"type":"LineString","coordinates":[[-117.74189,34.07772],[-117.742,34.07742],[-117.74207,34.0772],[-117.7421,34.07709]]}},{"type":"Feature","properties":{"kind":"street","label":"Towne Ave"},"geometry":{"type":"LineString","coordinates":[[-117.74156,34.07842],[-117.74187,34.07778],[-117.74189,34.07772]]}},{"type":"Feature","properties":{"kind":"street","label":"Towne Ave"},"geometry":{"type":"LineString","coordinates":[[-117.73902,34.08349],[-117.73925,34.0831],[-117.73973,34.08231],[-117.73989,34.08203],[-117.73998,34.08186],[-117.74009,34.08161],[-117.74029,34.08114],[-117.74036,34.08096],[-117.74051,34.08063]]}},{"type":"Feature","properties":{"kind":"street","label":"Towne Ave"},"geometry":{"type":"LineString","coordinates":[[-117.7373,34.08719],[-117.73735,34.08708],[-117.7375,34.08676],[-117.73787,34.08597],[-117.73883,34.0839]]}},{"type":"Feature","properties":{"kind":"street","label":"Towne Ave"},"geometry":{"type":"LineString","coordinates":[[-117.73683,34.08964],[-117.73689,34.08958]]}},{"type":"Feature","properties":{"kind":"street","label":"Towne Ave"},"geometry":{"type":"LineString","coordinates":[[-117.73689,34.08958],[-117.73688,34.08902],[-117.73689,34.08891],[-117.7369,34.08871],[-117.73694,34.08836],[-117.73697,34.08827],[-117.73703,34.08799],[-117.73707,34.08781],[-117.73709,34.08773]]}},{"type":"Feature","properties":{"kind":"street","label":"Towne Ave"},"geometry":{"type":"LineString","coordinates":[[-117.74175,34.068],[-117.74176,34.06817],[-117.74177,34.06855],[-117.74177,34.06866],[-117.74179,34.06919],[-117.7418,34.06947],[-117.74181,34.06968]]}},{"type":"Feature","properties":{"kind":"street","label":"Towne Ave"},"geometry":{"type":"LineString","coordinates":[[-117.74214,34.07627],[-117.74213,34.07594],[-117.74213,34.07581]]}},{"type":"Feature","properties":{"kind":"street","label":"Towne Ave"},"geometry":{"type":"LineString","coordinates":[[-117.7421,34.07709],[-117.74214,34.07677],[-117.74215,34.07648],[-117.74214,34.07627]]}},{"type":"Feature","properties":{"kind":"street","label":"Towne Ave"},"geometry":{"type":"LineString","coordinates":[[-117.73676,34.08959],[-117.73683,34.08964]]}},{"type":"Feature","properties":{"kind":"street","label":"Towne Ave"},"geometry":{"type":"LineString","coordinates":[[-117.74201,34.07544],[-117.74202,34.07568],[-117.74202,34.07581]]}},{"type":"Feature","properties":{"kind":"street","label":"Towne Ave"},"geometry":{"type":"LineString","coordinates":[[-117.74202,34.07581],[-117.74203,34.07592],[-117.74204,34.07648],[-117.74204,34.07662],[-117.74204,34.07677],[-117.742,34.07707]]}},{"type":"Feature","properties":{"kind":"street","label":"Towne Ave"},"geometry":{"type":"LineString","coordinates":[[-117.73719,34.08715],[-117.73715,34.08724],[-117.73707,34.08741],[-117.73696,34.08773]]}},{"type":"Feature","properties":{"kind":"street","label":"Towne Ave"},"geometry":{"type":"LineString","coordinates":[[-117.73709,34.08773],[-117.73712,34.08764],[-117.73719,34.08744],[-117.73726,34.08728],[-117.7373,34.08719]]}},{"type":"Feature","properties":{"kind":"street","label":"San Antonio Ave"},"geometry":{"type":"LineString","coordinates":[[-117.73719,34.08715],[-117.7373,34.08719]]}},{"type":"Feature","properties":{"kind":"street","label":"Towne Ave"},"geometry":{"type":"LineString","coordinates":[[-117.73734,34.08681],[-117.73726,34.087],[-117.73723,34.08705],[-117.73719,34.08715]]}},{"type":"Feature","properties":{"kind":"street","label":"Towne Ave"},"geometry":{"type":"LineString","coordinates":[[-117.73892,34.08346],[-117.73889,34.08352],[-117.73863,34.08408],[-117.73829,34.08479],[-117.73775,34.08593],[-117.73742,34.08665]]}},{"type":"Feature","properties":{"kind":"street","label":"Towne Ave"},"geometry":{"type":"LineString","coordinates":[[-117.73883,34.0839],[-117.73899,34.08356],[-117.73902,34.08349]]}},{"type":"Feature","properties":{"kind":"street","label":"Towne Ave"},"geometry":{"type":"LineString","coordinates":[[-117.73912,34.08313],[-117.73892,34.08346]]}},{"type":"Feature","properties":{"kind":"street","label":"Towne Ave"},"geometry":{"type":"LineString","coordinates":[[-117.74051,34.08063],[-117.74058,34.08046],[-117.74063,34.08033]]}},{"type":"Feature","properties":{"kind":"street","label":"Towne Ave"},"geometry":{"type":"LineString","coordinates":[[-117.74063,34.08033],[-117.74068,34.08022],[-117.74077,34.08004]]}},{"type":"Feature","properties":{"kind":"street","label":"Towne Ave"},"geometry":{"type":"LineString","coordinates":[[-117.74083,34.0797],[-117.7406,34.08017],[-117.74054,34.0803]]}},{"type":"Feature","properties":{"kind":"street","label":"Towne Ave"},"geometry":{"type":"LineString","coordinates":[[-117.74137,34.07859],[-117.74135,34.07863]]}},{"type":"Feature","properties":{"kind":"street","label":"San Antonio Ave"},"geometry":{"type":"LineString","coordinates":[[-117.73679,34.0868],[-117.73683,34.08691],[-117.7369,34.087],[-117.73703,34.08709],[-117.7371,34.08712],[-117.73719,34.08715]]}},{"type":"Feature","properties":{"kind":"street","label":"San Antonio Ave"},"geometry":{"type":"LineString","coordinates":[[-117.73674,34.08109],[-117.73674,34.08123],[-117.73674,34.08138]]}},{"type":"Feature","properties":{"kind":"street","label":"San Antonio Ave"},"geometry":{"type":"LineString","coordinates":[[-117.73674,34.08073],[-117.73674,34.08096],[-117.73674,34.08109]]}},{"type":"Feature","properties":{"kind":"street","label":"San Antonio Ave"},"geometry":{"type":"LineString","coordinates":[[-117.73673,34.08052],[-117.73673,34.08059],[-117.73674,34.08073]]}},{"type":"Feature","properties":{"kind":"street","label":"San Antonio Ave"},"geometry":{"type":"LineString","coordinates":[[-117.73672,34.07585],[-117.73671,34.07617]]}},{"type":"Feature","properties":{"kind":"street","label":"San Antonio Ave"},"geometry":{"type":"LineString","coordinates":[[-117.73671,34.07617],[-117.73671,34.07624],[-117.73671,34.07666],[-117.73673,34.07869],[-117.73673,34.07908],[-117.73673,34.07945],[-117.73673,34.07953]]}},{"type":"Feature","properties":{"kind":"street","label":"Garey Ave"},"geometry":{"type":"LineString","coordinates":[[-117.75134,34.08608],[-117.75149,34.08578],[-117.75155,34.08567]]}},{"type":"Feature","properties":{"kind":"street","label":"Garey Ave"},"geometry":{"type":"LineString","coordinates":[[-117.75078,34.08723],[-117.75083,34.08711]]}},{"type":"Feature","properties":{"kind":"street","label":"Garey Ave"},"geometry":{"type":"LineString","coordinates":[[-117.75038,34.08803],[-117.75065,34.08749]]}},{"type":"Feature","properties":{"kind":"street","label":"Garey Ave"},"geometry":{"type":"LineString","coordinates":[[-117.7502,34.08838],[-117.75038,34.08803]]}},{"type":"Feature","properties":{"kind":"street","label":"Garey Ave"},"geometry":{"type":"LineString","coordinates":[[-117.75004,34.08869],[-117.7502,34.08838]]}},{"type":"Feature","properties":{"kind":"street","label":"Garey Ave"},"geometry":{"type":"LineString","coordinates":[[-117.75007,34.08836],[-117.75001,34.08848],[-117.74987,34.08874]]}},{"type":"Feature","properties":{"kind":"street","label":"Garey Ave"},"geometry":{"type":"LineString","coordinates":[[-117.74982,34.08915],[-117.74989,34.089],[-117.74996,34.08885],[-117.75004,34.08869]]}},{"type":"Feature","properties":{"kind":"street","label":"Garey Ave"},"geometry":{"type":"LineString","coordinates":[[-117.74973,34.08936],[-117.74982,34.08915]]}},{"type":"Feature","properties":{"kind":"street","label":"Garey Ave"},"geometry":{"type":"LineString","coordinates":[[-117.74944,34.08994],[-117.74949,34.08985],[-117.74957,34.08968],[-117.74973,34.08936]]}},{"type":"Feature","properties":{"kind":"street","label":"Garey Ave"},"geometry":{"type":"LineString","coordinates":[[-117.75083,34.08711],[-117.75089,34.08699],[-117.75116,34.08645],[-117.75134,34.08608]]}},{"type":"Feature","properties":{"kind":"street","label":"White Ave"},"geometry":{"type":"LineString","coordinates":[[-117.76504,34.09112],[-117.76503,34.09108]]}},{"type":"Feature","properties":{"kind":"street","label":"White Ave"},"geometry":{"type":"LineString","coordinates":[[-117.76479,34.09048],[-117.76471,34.09028]]}},{"type":"Feature","properties":{"kind":"street","label":"White Ave"},"geometry":{"type":"LineString","coordinates":[[-117.76503,34.09108],[-117.76479,34.09048]]}},{"type":"Feature","properties":{"kind":"street","label":"Arrow Hwy"},"geometry":{"type":"LineString","coordinates":[[-117.75343,34.08993],[-117.75286,34.08993]]}},{"type":"Feature","properties":{"kind":"street","label":"Arrow Hwy"},"geometry":{"type":"LineString","coordinates":[[-117.75521,34.08992],[-117.7547,34.08993]]}},{"type":"Feature","properties":{"kind":"street","label":"Arrow Hwy"},"geometry":{"type":"LineString","coordinates":[[-117.7547,34.08993],[-117.75343,34.08993]]}},{"type":"Feature","properties":{"kind":"street","label":"Arrow Hwy"},"geometry":{"type":"LineString","coordinates":[[-117.75552,34.09003],[-117.75613,34.09003]]}},{"type":"Feature","properties":{"kind":"street","label":"Arrow Hwy"},"geometry":{"type":"LineString","coordinates":[[-117.75665,34.08992],[-117.75615,34.08991]]}},{"type":"Feature","properties":{"kind":"street","label":"Arrow Hwy"},"geometry":{"type":"LineString","coordinates":[[-117.75758,34.09002],[-117.75723,34.08996],[-117.75696,34.08993],[-117.75669,34.08993],[-117.75665,34.08992]]}},{"type":"Feature","properties":{"kind":"street","label":"Arrow Hwy"},"geometry":{"type":"LineString","coordinates":[[-117.75285,34.09004],[-117.75471,34.09005]]}},{"type":"Feature","properties":{"kind":"street","label":"Arrow Hwy"},"geometry":{"type":"LineString","coordinates":[[-117.75802,34.09014],[-117.75776,34.09006],[-117.75758,34.09002]]}},{"type":"Feature","properties":{"kind":"street","label":"Arrow Hwy"},"geometry":{"type":"LineString","coordinates":[[-117.75852,34.09047],[-117.75868,34.09055]]}},{"type":"Feature","properties":{"kind":"street","label":"Arrow Hwy"},"geometry":{"type":"LineString","coordinates":[[-117.75868,34.09055],[-117.7589,34.09067],[-117.75913,34.09083],[-117.75985,34.09132]]}},{"type":"Feature","properties":{"kind":"street","label":"Arrow Hwy"},"geometry":{"type":"LineString","coordinates":[[-117.75907,34.09064],[-117.75876,34.09044]]}},{"type":"Feature","properties":{"kind":"street","label":"Arrow Hwy"},"geometry":{"type":"LineString","coordinates":[[-117.75876,34.09044],[-117.7584,34.09027],[-117.75816,34.09018],[-117.75802,34.09014]]}},{"type":"Feature","properties":{"kind":"street","label":"Arrow Hwy"},"geometry":{"type":"LineString","coordinates":[[-117.76007,34.09146],[-117.76032,34.09164]]}},{"type":"Feature","properties":{"kind":"street","label":"Arrow Hwy"},"geometry":{"type":"LineString","coordinates":[[-117.76032,34.09164],[-117.76065,34.09186]]}},{"type":"Feature","properties":{"kind":"street","label":"Arrow Hwy"},"geometry":{"type":"LineString","coordinates":[[-117.76077,34.09179],[-117.7604,34.09155]]}},{"type":"Feature","properties":{"kind":"street","label":"Arrow Hwy"},"geometry":{"type":"LineString","coordinates":[[-117.76217,34.09273],[-117.76077,34.09179]]}},{"type":"Feature","properties":{"kind":"street","label":"Arrow Hwy"},"geometry":{"type":"LineString","coordinates":[[-117.72853,34.0903],[-117.72814,34.09032],[-117.72798,34.09033]]}},{"type":"Feature","properties":{"kind":"street","label":"Arrow Hwy"},"geometry":{"type":"LineString","coordinates":[[-117.72896,34.09029],[-117.72853,34.0903]]}},{"type":"Feature","properties":{"kind":"street","label":"Arrow Hwy"},"geometry":{"type":"LineString","coordinates":[[-117.72961,34.09028],[-117.72896,34.09029]]}},{"type":"Feature","properties":{"kind":"street","label":"Towne Ave"},"geometry":{"type":"LineString","coordinates":[[-117.73682,34.10986],[-117.73682,34.11019]]}},{"type":"Feature","properties":{"kind":"street","label":"Towne Ave"},"geometry":{"type":"LineString","coordinates":[[-117.73683,34.10716],[-117.73683,34.10724],[-117.73683,34.10758],[-117.73683,34.10764]]}},{"type":"Feature","properties":{"kind":"street","label":"Towne Ave"},"geometry":{"type":"LineString","coordinates":[[-117.73682,34.10945],[-117.73682,34.10959]]}},{"type":"Feature","properties":{"kind":"street","label":"Towne Ave"},"geometry":{"type":"LineString","coordinates":[[-117.73682,34.10923],[-117.73682,34.10945]]}},{"type":"Feature","properties":{"kind":"street","label":"Towne Ave"},"geometry":{"type":"LineString","coordinates":[[-117.73682,34.10959],[-117.73682,34.10979]]}},{"type":"Feature","properties":{"kind":"street","label":"White Ave"},"geometry":{"type":"LineString","coordinates":[[-117.76368,34.08814],[-117.76389,34.08867]]}},{"type":"Feature","properties":{"kind":"street","label":"White Ave"},"geometry":{"type":"LineString","coordinates":[[-117.76335,34.08729],[-117.76348,34.08763],[-117.76361,34.08796]]}},{"type":"Feature","properties":{"kind":"street","label":"White Ave"},"geometry":{"type":"LineString","coordinates":[[-117.7595,34.07726],[-117.75955,34.0775]]}},{"type":"Feature","properties":{"kind":"street","label":"Garey Ave"},"geometry":{"type":"LineString","coordinates":[[-117.75015,34.06021],[-117.75017,34.06044],[-117.75018,34.06056]]}},{"type":"Feature","properties":{"kind":"street","label":"Garey Ave"},"geometry":{"type":"LineString","coordinates":[[-117.75027,34.05823],[-117.75025,34.05797],[-117.75017,34.05784]]}},{"type":"Feature","properties":{"kind":"street","label":"Garey Ave"},"geometry":{"type":"LineString","coordinates":[[-117.7494,34.03858],[-117.7494,34.0388]]}},{"type":"Feature","properties":{"kind":"street","label":"Garey Ave"},"geometry":{"type":"LineString","coordinates":[[-117.74934,34.03691],[-117.74935,34.03705],[-117.74936,34.03748],[-117.74937,34.03778],[-117.7494,34.03858]]}},{"type":"Feature","properties":{"kind":"street","label":"Garey Ave"},"geometry":{"type":"LineString","coordinates":[[-117.74866,34.10779],[-117.74867,34.10771],[-117.74866,34.10765]]}},{"type":"Feature","properties":{"kind":"street","label":"Garey Ave"},"geometry":{"type":"LineString","coordinates":[[-117.74866,34.10605],[-117.74866,34.10534],[-117.74866,34.10457]]}},{"type":"Feature","properties":{"kind":"freeway","label":"SR-60"},"geometry":{"type":"LineString","coordinates":[[-117.74454,34.02397],[-117.74775,34.02348]]}},{"type":"Feature","properties":{"kind":"freeway","label":"SR-71"},"geometry":{"type":"LineString","coordinates":[[-117.75973,34.03293],[-117.75923,34.03243]]}},{"type":"Feature","properties":{"kind":"freeway","label":"SR-60"},"geometry":{"type":"LineString","coordinates":[[-117.73547,34.02474],[-117.7333,34.02483],[-117.73183,34.02489]]}},{"type":"Feature","properties":{"kind":"freeway","label":"SR-60"},"geometry":{"type":"LineString","coordinates":[[-117.73183,34.02512],[-117.73496,34.02502]]}},{"type":"Feature","properties":{"kind":"freeway","label":"SR-71"},"geometry":{"type":"LineString","coordinates":[[-117.74869,34.02252],[-117.74852,34.02235]]}},{"type":"Feature","properties":{"kind":"freeway","label":"SR-71"},"geometry":{"type":"LineString","coordinates":[[-117.75116,34.02485],[-117.75067,34.02439]]}},{"type":"Feature","properties":{"kind":"freeway","label":"SR-60"},"geometry":{"type":"LineString","coordinates":[[-117.76347,34.02405],[-117.76128,34.02454],[-117.76039,34.02468],[-117.75978,34.02475]]}},{"type":"Feature","properties":{"kind":"freeway","label":"SR-60"},"geometry":{"type":"LineString","coordinates":[[-117.75978,34.02475],[-117.75901,34.02478],[-117.75845,34.02478],[-117.75789,34.02475],[-117.75742,34.02471]]}},{"type":"Feature","properties":{"kind":"freeway","label":"SR-60"},"geometry":{"type":"LineString","coordinates":[[-117.75596,34.02443],[-117.75553,34.02432],[-117.75523,34.02425],[-117.75288,34.02364]]}},{"type":"Feature","properties":{"kind":"freeway","label":"SR-60"},"geometry":{"type":"LineString","coordinates":[[-117.76062,34.02494],[-117.76113,34.02485],[-117.76279,34.02449],[-117.76445,34.02412],[-117.76544,34.02394]]}},{"type":"Feature","properties":{"kind":"freeway","label":"SR-60"},"geometry":{"type":"LineString","coordinates":[[-117.75742,34.02497],[-117.75848,34.02506],[-117.7588,34.02507],[-117.75908,34.02506],[-117.75936,34.02506],[-117.75992,34.02502],[-117.76062,34.02494]]}},{"type":"Feature","properties":{"kind":"freeway","label":"SR-60"},"geometry":{"type":"LineString","coordinates":[[-117.7483,34.02341],[-117.74849,34.02339],[-117.74879,34.02337],[-117.749,34.02337],[-117.74939,34.02336],[-117.74978,34.02337],[-117.75011,34.02338],[-117.75042,34.02341],[-117.75078,34.02345],[-117.75124,34.02351],[-117.7517,34.02359],[-117.75212,34.02369],[-117.75288,34.02391],[-117.75603,34.02471],[-117.75642,34.0248],[-117.7567,34.02485],[-117.75699,34.0249],[-117.75742,34.02497]]}},{"type":"Feature","properties":{"kind":"street","label":"Towne Ave"},"geometry":{"type":"LineString","coordinates":[[-117.74118,34.07895],[-117.74115,34.07902],[-117.74103,34.07928],[-117.74089,34.07956],[-117.74083,34.0797]]}},{"type":"Feature","properties":{"kind":"street","label":"Towne Ave"},"geometry":{"type":"LineString","coordinates":[[-117.74132,34.0789],[-117.74147,34.07862]]}},{"type":"Feature","properties":{"kind":"street","label":"White Ave"},"geometry":{"type":"LineString","coordinates":[[-117.75902,34.06149],[-117.75903,34.06168],[-117.75904,34.06193],[-117.75905,34.06216]]}},{"type":"Feature","properties":{"kind":"street","label":"Towne Ave"},"geometry":{"type":"LineString","coordinates":[[-117.74181,34.06968],[-117.74182,34.07021],[-117.74183,34.07037]]}},{"type":"Feature","properties":{"kind":"freeway","label":"I-10"},"geometry":{"type":"LineString","coordinates":[[-117.76378,34.07082],[-117.76241,34.07074],[-117.76162,34.07076],[-117.76092,34.07081],[-117.75955,34.07106]]}},{"type":"Feature","properties":{"kind":"freeway","label":"I-10"},"geometry":{"type":"LineString","coordinates":[[-117.7625,34.071],[-117.76298,34.071],[-117.76347,34.07103],[-117.76444,34.07115],[-117.76743,34.07163],[-117.76895,34.07188],[-117.76972,34.072],[-117.77043,34.07211],[-117.77163,34.0723]]}},{"type":"Feature","properties":{"kind":"street","label":"White Ave"},"geometry":{"type":"LineString","coordinates":[[-117.75933,34.07059],[-117.7593,34.07077],[-117.75931,34.07152]]}},{"type":"Feature","properties":{"kind":"street","label":"White Ave"},"geometry":{"type":"LineString","coordinates":[[-117.75912,34.06386],[-117.75913,34.06423]]}},{"type":"Feature","properties":{"kind":"freeway","label":"I-10"},"geometry":{"type":"LineString","coordinates":[[-117.73868,34.07932],[-117.73811,34.07955]]}},{"type":"Feature","properties":{"kind":"freeway","label":"I-10"},"geometry":{"type":"LineString","coordinates":[[-117.73781,34.07994],[-117.74123,34.07855]]}},{"type":"Feature","properties":{"kind":"freeway","label":"I-10"},"geometry":{"type":"LineString","coordinates":[[-117.7777,34.07275],[-117.7769,34.07272],[-117.77592,34.07264],[-117.77475,34.07252],[-117.77194,34.07209]]}},{"type":"Feature","properties":{"kind":"freeway","label":"I-10"},"geometry":{"type":"LineString","coordinates":[[-117.79068,34.07239],[-117.79121,34.07224],[-117.79169,34.07209],[-117.79217,34.07193],[-117.79287,34.07167],[-117.79401,34.07117]]}},{"type":"Feature","properties":{"kind":"freeway","label":"I-10"},"geometry":{"type":"LineString","coordinates":[[-117.80279,34.06681],[-117.80002,34.0681]]}},{"type":"Feature","properties":{"kind":"street","label":"Mission Blvd"},"geometry":{"type":"LineString","coordinates":[[-117.79812,34.04051],[-117.79807,34.04055]]}},{"type":"Feature","properties":{"kind":"street","label":"Garey Ave"},"geometry":{"type":"LineString","coordinates":[[-117.74859,34.10791],[-117.74866,34.10779]]}},{"type":"Feature","properties":{"kind":"street","label":"Garey Ave"},"geometry":{"type":"LineString","coordinates":[[-117.74854,34.10776],[-117.74859,34.10791]]}},{"type":"Feature","properties":{"kind":"street","label":"Garey Ave"},"geometry":{"type":"LineString","coordinates":[[-117.75283,34.08127],[-117.75279,34.08096]]}},{"type":"Feature","properties":{"kind":"street","label":"Garey Ave"},"geometry":{"type":"LineString","coordinates":[[-117.75297,34.08234],[-117.75294,34.08213]]}},{"type":"Feature","properties":{"kind":"street","label":"Garey Ave"},"geometry":{"type":"LineString","coordinates":[[-117.75294,34.08213],[-117.75291,34.08183],[-117.75289,34.08168],[-117.75283,34.08127]]}},{"type":"Feature","properties":{"kind":"street","label":"Garey Ave"},"geometry":{"type":"LineString","coordinates":[[-117.75155,34.08567],[-117.75161,34.08555],[-117.75179,34.0852],[-117.75206,34.08473],[-117.75228,34.08436],[-117.75231,34.08429],[-117.75256,34.08387],[-117.75266,34.08372],[-117.75276,34.08353],[-117.75284,34.08335],[-117.75291,34.08314],[-117.75295,34.08293],[-117.75296,34.08281],[-117.75297,34.08273],[-117.75297,34.08258],[-117.75297,34.08234]]}},{"type":"Feature","properties":{"kind":"street","label":"Garey Ave"},"geometry":{"type":"LineString","coordinates":[[-117.74915,34.09056],[-117.74918,34.09048],[-117.74923,34.09038],[-117.7493,34.09023],[-117.74934,34.09016],[-117.74939,34.09005]]}},{"type":"Feature","properties":{"kind":"street","label":"Garey Ave"},"geometry":{"type":"LineString","coordinates":[[-117.74866,34.09348],[-117.74865,34.09301],[-117.74865,34.09288],[-117.74866,34.09266],[-117.74866,34.09241],[-117.74868,34.0922],[-117.74872,34.09192]]}},{"type":"Feature","properties":{"kind":"street","label":"Garey Ave"},"geometry":{"type":"LineString","coordinates":[[-117.74866,34.0967],[-117.74865,34.09641],[-117.74865,34.09624]]}},{"type":"Feature","properties":{"kind":"street","label":"Garey Ave"},"geometry":{"type":"LineString","coordinates":[[-117.74866,34.1032],[-117.74865,34.09972]]}},{"type":"Feature","properties":{"kind":"street","label":"Garey Ave"},"geometry":{"type":"LineString","coordinates":[[-117.74866,34.10345],[-117.74866,34.1032]]}},{"type":"Feature","properties":{"kind":"street","label":"Garey Ave"},"geometry":{"type":"LineString","coordinates":[[-117.74865,34.09961],[-117.74865,34.09931],[-117.74865,34.09922]]}},{"type":"Feature","properties":{"kind":"street","label":"Garey Ave"},"geometry":{"type":"LineString","coordinates":[[-117.74866,34.10635],[-117.74865,34.10615],[-117.74866,34.10605]]}},{"type":"Feature","properties":{"kind":"street","label":"Garey Ave"},"geometry":{"type":"LineString","coordinates":[[-117.74854,34.10621],[-117.74854,34.10697]]}},{"type":"Feature","properties":{"kind":"street","label":"Reservoir St"},"geometry":{"type":"LineString","coordinates":[[-117.73163,34.02075],[-117.73161,34.02083],[-117.7315,34.02113]]}},{"type":"Feature","properties":{"kind":"street","label":"Reservoir St"},"geometry":{"type":"LineString","coordinates":[[-117.73143,34.02132],[-117.7314,34.02141]]}},{"type":"Feature","properties":{"kind":"street","label":"Garey Ave"},"geometry":{"type":"LineString","coordinates":[[-117.74866,34.10457],[-117.74867,34.10382],[-117.74867,34.10373]]}},{"type":"Feature","properties":{"kind":"street","label":"Mission Blvd"},"geometry":{"type":"LineString","coordinates":[[-117.75336,34.05501],[-117.7538,34.055]]}},{"type":"Feature","properties":{"kind":"street","label":"Garey Ave"},"geometry":{"type":"LineString","coordinates":[[-117.74987,34.08874],[-117.74984,34.08881],[-117.74974,34.08903],[-117.74966,34.0892],[-117.7496,34.08932]]}},{"type":"Feature","properties":{"kind":"street","label":"Mission Blvd"},"geometry":{"type":"LineString","coordinates":[[-117.77518,34.05433],[-117.77556,34.05428],[-117.77717,34.05408],[-117.77732,34.05406]]}},{"type":"Feature","properties":{"kind":"street","label":"Valley Blvd"},"geometry":{"type":"LineString","coordinates":[[-117.81604,34.04386],[-117.81633,34.04353],[-117.81661,34.04327],[-117.81687,34.04307],[-117.81728,34.04278],[-117.81769,34.04249],[-117.81812,34.0422],[-117.81854,34.0419],[-117.8187,34.04179],[-117.81885,34.04168]]}},{"type":"Feature","properties":{"kind":"street","label":"White Ave"},"geometry":{"type":"LineString","coordinates":[[-117.75848,34.04691],[-117.75847,34.04674],[-117.75846,34.04659],[-117.75845,34.04648],[-117.75844,34.04613],[-117.75844,34.04589],[-117.75843,34.04549],[-117.75843,34.04539],[-117.75842,34.04521],[-117.75842,34.04498],[-117.75841,34.04467]]}},{"type":"Feature","properties":{"kind":"street","label":"White Ave"},"geometry":{"type":"LineString","coordinates":[[-117.75841,34.04467],[-117.75841,34.04447]]}},{"type":"Feature","properties":{"kind":"street","label":"White Ave"},"geometry":{"type":"LineString","coordinates":[[-117.75827,34.04038],[-117.75824,34.0399],[-117.75821,34.03888],[-117.75815,34.03674],[-117.75813,34.03608],[-117.75816,34.03566]]}},{"type":"Feature","properties":{"kind":"street","label":"Garey Ave"},"geometry":{"type":"LineString","coordinates":[[-117.74866,34.09486],[-117.74866,34.09472],[-117.74866,34.09433],[-117.74866,34.09413],[-117.74866,34.09402],[-117.74866,34.09378],[-117.74866,34.09365],[-117.74866,34.09348]]}},{"type":"Feature","properties":{"kind":"street","label":"Garey Ave"},"geometry":{"type":"LineString","coordinates":[[-117.74852,34.09478],[-117.74853,34.09486],[-117.74852,34.09498]]}},{"type":"Feature","properties":{"kind":"street","label":"Garey Ave"},"geometry":{"type":"LineString","coordinates":[[-117.74852,34.09498],[-117.74852,34.09562]]}},{"type":"Feature","properties":{"kind":"street","label":"Garey Ave"},"geometry":{"type":"LineString","coordinates":[[-117.74852,34.09572],[-117.74853,34.09608],[-117.74853,34.09623]]}},{"type":"Feature","properties":{"kind":"freeway","label":"SR-57"},"geometry":{"type":"LineString","coordinates":[[-117.80109,34.04253],[-117.80106,34.04258],[-117.80092,34.04295],[-117.80072,34.04352],[-117.80066,34.04382],[-117.80055,34.04438],[-117.8005,34.04511],[-117.80051,34.0458],[-117.80054,34.04614],[-117.8006,34.04649],[-117.80064,34.04676],[-117.80082,34.0475],[-117.80103,34.04815],[-117.80184,34.05073]]}},{"type":"Feature","properties":{"kind":"street","label":"White Ave"},"geometry":{"type":"LineString","coordinates":[[-117.75871,34.05297],[-117.75869,34.05215]]}},{"type":"Feature","properties":{"kind":"street","label":"White Ave"},"geometry":{"type":"LineString","coordinates":[[-117.75871,34.05307],[-117.75871,34.05297]]}},{"type":"Feature","properties":{"kind":"street","label":"White Ave"},"geometry":{"type":"LineString","coordinates":[[-117.75871,34.05312],[-117.75871,34.05307]]}},{"type":"Feature","properties":{"kind":"street","label":"Towne Ave"},"geometry":{"type":"LineString","coordinates":[[-117.7419,34.06969],[-117.7419,34.06952],[-117.7419,34.0692],[-117.74188,34.06866],[-117.74188,34.0686],[-117.74187,34.06854],[-117.74185,34.06817],[-117.74184,34.068]]}},{"type":"Feature","properties":{"kind":"street","label":"Towne Ave"},"geometry":{"type":"LineString","coordinates":[[-117.74184,34.068],[-117.74183,34.06778],[-117.74183,34.06766]]}},{"type":"Feature","properties":{"kind":"street","label":"Towne Ave"},"geometry":{"type":"LineString","coordinates":[[-117.74183,34.06766],[-117.74182,34.0674]]}},{"type":"Feature","properties":{"kind":"street","label":"Towne Ave"},"geometry":{"type":"LineString","coordinates":[[-117.74182,34.0674],[-117.74181,34.06688],[-117.7418,34.0667]]}},{"type":"Feature","properties":{"kind":"street","label":"Towne Ave"},"geometry":{"type":"LineString","coordinates":[[-117.7418,34.0667],[-117.74179,34.06646],[-117.74178,34.06639]]}},{"type":"Feature","properties":{"kind":"street","label":"Towne Ave"},"geometry":{"type":"LineString","coordinates":[[-117.74178,34.06639],[-117.74177,34.06607]]}},{"type":"Feature","properties":{"kind":"street","label":"Towne Ave"},"geometry":{"type":"LineString","coordinates":[[-117.74177,34.06607],[-117.74173,34.06515],[-117.7417,34.06448],[-117.7417,34.06388],[-117.7417,34.06372],[-117.74167,34.06329],[-117.74167,34.06318],[-117.74167,34.0631]]}},{"type":"Feature","properties":{"kind":"street","label":"Towne Ave"},"geometry":{"type":"LineString","coordinates":[[-117.74167,34.0631],[-117.74166,34.06298],[-117.74164,34.06272],[-117.74159,34.06261]]}},{"type":"Feature","properties":{"kind":"street","label":"Garey Ave"},"geometry":{"type":"LineString","coordinates":[[-117.75054,34.06496],[-117.75074,34.06534],[-117.75088,34.06559],[-117.75106,34.06594],[-117.75132,34.06643]]}},{"type":"Feature","properties":{"kind":"street","label":"Mission Blvd"},"geometry":{"type":"LineString","coordinates":[[-117.79767,34.04104],[-117.79769,34.04099]]}},{"type":"Feature","properties":{"kind":"street","label":"Temple Ave"},"geometry":{"type":"LineString","coordinates":[[-117.79935,34.04194],[-117.80013,34.04278]]}},{"type":"Feature","properties":{"kind":"street","label":"Temple Ave"},"geometry":{"type":"LineString","coordinates":[[-117.79946,34.04187],[-117.79923,34.04161]]}},{"type":"Feature","properties":{"kind":"freeway","label":"I-10"},"geometry":{"type":"LineString","coordinates":[[-117.74667,34.07632],[-117.74962,34.07511]]}},{"type":"Feature","properties":{"kind":"freeway","label":"I-10"},"geometry":{"type":"LineString","coordinates":[[-117.74593,34.07668],[-117.74667,34.07632]]}},{"type":"Feature","properties":{"kind":"freeway","label":"I-10"},"geometry":{"type":"LineString","coordinates":[[-117.77163,34.0723],[-117.77325,34.07257],[-117.77445,34.07275],[-117.77504,34.0728],[-117.77564,34.07287]]}},{"type":"Feature","properties":{"kind":"freeway","label":"SR-57"},"geometry":{"type":"LineString","coordinates":[[-117.8093,34.03254],[-117.81043,34.03081]]}},{"type":"Feature","properties":{"kind":"freeway","label":"SR-57"},"geometry":{"type":"LineString","coordinates":[[-117.80388,34.03925],[-117.80415,34.03898],[-117.80575,34.03739],[-117.80623,34.03687],[-117.80659,34.03641],[-117.80723,34.03555],[-117.80852,34.03369],[-117.8093,34.03254]]}},{"type":"Feature","properties":{"kind":"freeway","label":"SR-60"},"geometry":{"type":"LineString","coordinates":[[-117.77062,34.02374],[-117.7698,34.0236],[-117.76937,34.02356],[-117.7688,34.02351],[-117.76817,34.02348],[-117.76741,34.02349],[-117.76648,34.02354],[-117.76551,34.02365],[-117.76448,34.02384],[-117.76347,34.02405]]}},{"type":"Feature","properties":{"kind":"freeway","label":"SR-57"},"geometry":{"type":"LineString","coordinates":[[-117.8084,34.03334],[-117.80692,34.03557],[-117.80626,34.03642],[-117.80589,34.03685],[-117.80572,34.03703]]}},{"type":"Feature","properties":{"kind":"freeway","label":"I-10"},"geometry":{"type":"LineString","coordinates":[[-117.80002,34.0681],[-117.79939,34.06839]]}},{"type":"Feature","properties":{"kind":"freeway","label":"SR-71"},"geometry":{"type":"LineString","coordinates":[[-117.74946,34.0237],[-117.75012,34.02432]]}},{"type":"Feature","properties":{"kind":"freeway","label":"SR-57"},"geometry":{"type":"LineString","coordinates":[[-117.80157,34.04892],[-117.80104,34.04733],[-117.80092,34.04684],[-117.80084,34.04638],[-117.80079,34.04593],[-117.80076,34.04537],[-117.80077,34.04488],[-117.80087,34.04423],[-117.80095,34.04382],[-117.80109,34.0433],[-117.80131,34.04267]]}},{"type":"Feature","properties":{"kind":"freeway","label":"I-10"},"geometry":{"type":"LineString","coordinates":[[-117.7948,34.07082],[-117.79646,34.07007]]}},{"type":"Feature","properties":{"kind":"freeway","label":"I-10"},"geometry":{"type":"LineString","coordinates":[[-117.78488,34.07276],[-117.78372,34.07274]]}},{"type":"Feature","properties":{"kind":"freeway","label":"I-10"},"geometry":{"type":"LineString","coordinates":[[-117.78372,34.07274],[-117.78205,34.07274],[-117.78042,34.07277],[-117.77911,34.07279],[-117.7777,34.07275]]}},{"type":"Feature","properties":{"kind":"freeway","label":"I-10"},"geometry":{"type":"LineString","coordinates":[[-117.74575,34.07639],[-117.74185,34.07803]]}},{"type":"Feature","properties":{"kind":"freeway","label":"I-10"},"geometry":{"type":"LineString","coordinates":[[-117.74614,34.07622],[-117.74575,34.07639]]}},{"type":"Feature","properties":{"kind":"street","label":"Temple Ave"},"geometry":{"type":"LineString","coordinates":[[-117.80027,34.04271],[-117.8,34.0424]]}},{"type":"Feature","properties":{"kind":"street","label":"Holt Ave"},"geometry":{"type":"LineString","coordinates":[[-117.75425,34.06228],[-117.75406,34.06228],[-117.75353,34.0623]]}},{"type":"Feature","properties":{"kind":"street","label":"San Antonio Ave"},"geometry":{"type":"LineString","coordinates":[[-117.73645,34.0409],[-117.73645,34.04078],[-117.73636,34.03878],[-117.73633,34.03808],[-117.7363,34.03768],[-117.73628,34.03726],[-117.73625,34.03636],[-117.73623,34.03547],[-117.73621,34.03501],[-117.73618,34.03431],[-117.73616,34.03361]]}},{"type":"Feature","properties":{"kind":"street","label":"San Antonio Ave"},"geometry":{"type":"LineString","coordinates":[[-117.73654,34.04409],[-117.73654,34.04374],[-117.73653,34.04347],[-117.73652,34.0431],[-117.73648,34.04271],[-117.73646,34.04135],[-117.73646,34.041],[-117.73645,34.0409]]}},{"type":"Feature","properties":{"kind":"street","label":"Mission Blvd"},"geometry":{"type":"LineString","coordinates":[[-117.79054,34.05188],[-117.79037,34.05196]]}},{"type":"Feature","properties":{"kind":"street","label":"Mission Blvd"},"geometry":{"type":"LineString","coordinates":[[-117.79262,34.05089],[-117.79286,34.05077]]}},{"type":"Feature","properties":{"kind":"freeway","label":"SR-71"},"geometry":{"type":"LineString","coordinates":[[-117.76127,34.03451],[-117.76029,34.03354],[-117.75973,34.03293]]}},{"type":"Feature","properties":{"kind":"freeway","label":"I-10"},"geometry":{"type":"LineString","coordinates":[[-117.81402,34.06365],[-117.81357,34.06368],[-117.81301,34.06371],[-117.81214,34.06377]]}},{"type":"Feature","properties":{"kind":"freeway","label":"I-10"},"geometry":{"type":"LineString","coordinates":[[-117.81727,34.06353],[-117.81402,34.06365]]}},{"type":"Feature","properties":{"kind":"street","label":"Garey Ave"},"geometry":{"type":"LineString","coordinates":[[-117.75195,34.06762],[-117.75198,34.06772]]}},{"type":"Feature","properties":{"kind":"street","label":"Towne Ave"},"geometry":{"type":"LineString","coordinates":[[-117.74135,34.07863],[-117.74118,34.07895]]}},{"type":"Feature","properties":{"kind":"freeway","label":"SR-71"},"geometry":{"type":"LineString","coordinates":[[-117.75401,34.02798],[-117.75597,34.02983],[-117.75633,34.03016],[-117.76149,34.035]]}},{"type":"Feature","properties":{"kind":"freeway","label":"SR-71"},"geometry":{"type":"LineString","coordinates":[[-117.77892,34.05111],[-117.77779,34.05007]]}},{"type":"Feature","properties":{"kind":"freeway","label":"SR-71"},"geometry":{"type":"LineString","coordinates":[[-117.78431,34.05654],[-117.78217,34.05429],[-117.78186,34.05396]]}},{"type":"Feature","properties":{"kind":"street","label":"Garey Ave"},"geometry":{"type":"LineString","coordinates":[[-117.74965,34.04252],[-117.74965,34.04241]]}},{"type":"Feature","properties":{"kind":"freeway","label":"I-10"},"geometry":{"type":"LineString","coordinates":[[-117.81889,34.06348],[-117.81855,34.06348],[-117.81751,34.06352],[-117.81727,34.06353]]}},{"type":"Feature","properties":{"kind":"freeway","label":"SR-60"},"geometry":{"type":"LineString","coordinates":[[-117.75288,34.02364],[-117.75223,34.02348],[-117.75177,34.02338],[-117.75148,34.02332],[-117.7511,34.02326],[-117.75066,34.0232],[-117.75026,34.02316],[-117.74994,34.02315],[-117.74962,34.02314],[-117.74909,34.02314],[-117.74872,34.02315],[-117.74844,34.02317],[-117.74805,34.02321]]}},{"type":"Feature","properties":{"kind":"freeway","label":"I-10"},"geometry":{"type":"LineString","coordinates":[[-117.75526,34.07253],[-117.75521,34.07255]]}},{"type":"Feature","properties":{"kind":"freeway","label":"I-10"},"geometry":{"type":"LineString","coordinates":[[-117.79206,34.07166],[-117.79163,34.0718],[-117.79117,34.07194]]}},{"type":"Feature","properties":{"kind":"street","label":"Temple Ave"},"geometry":{"type":"LineString","coordinates":[[-117.81846,34.05054],[-117.81927,34.05055]]}},{"type":"Feature","properties":{"kind":"street","label":"White Ave"},"geometry":{"type":"LineString","coordinates":[[-117.75948,34.07149],[-117.75945,34.07079],[-117.75933,34.07059]]}},{"type":"Feature","properties":{"kind":"street","label":"Arrow Hwy"},"geometry":{"type":"LineString","coordinates":[[-117.74924,34.09005],[-117.74939,34.09005]]}},{"type":"Feature","properties":{"kind":"street","label":"Garey Ave"},"geometry":{"type":"LineString","coordinates":[[-117.75187,34.06745],[-117.75193,34.06756],[-117.75195,34.06762]]}},{"type":"Feature","properties":{"kind":"street","label":"Towne Ave"},"geometry":{"type":"LineString","coordinates":[[-117.7368,34.09553],[-117.7368,34.09585]]}},{"type":"Feature","properties":{"kind":"street","label":"Towne Ave"},"geometry":{"type":"LineString","coordinates":[[-117.73683,34.10716],[-117.73683,34.10706]]}},{"type":"Feature","properties":{"kind":"street","label":"Holt Ave"},"geometry":{"type":"LineString","coordinates":[[-117.72904,34.06288],[-117.72891,34.06289],[-117.72864,34.06289]]}},{"type":"Feature","properties":{"kind":"street","label":"Holt Ave"},"geometry":{"type":"LineString","coordinates":[[-117.72864,34.06289],[-117.72855,34.06289]]}},{"type":"Feature","properties":{"kind":"street","label":"Mission Blvd"},"geometry":{"type":"LineString","coordinates":[[-117.75399,34.05499],[-117.75442,34.05498]]}},{"type":"Feature","properties":{"kind":"street","label":"Towne Ave"},"geometry":{"type":"LineString","coordinates":[[-117.74192,34.07071],[-117.74192,34.07037]]}},{"type":"Feature","properties":{"kind":"street","label":"Garey Ave"},"geometry":{"type":"LineString","coordinates":[[-117.74901,34.02799],[-117.74902,34.02822],[-117.74906,34.02928]]}},{"type":"Feature","properties":{"kind":"street","label":"Valley Blvd"},"geometry":{"type":"LineString","coordinates":[[-117.82745,34.03136],[-117.82764,34.03123],[-117.82783,34.03112]]}},{"type":"Feature","properties":{"kind":"street","label":"Valley Blvd"},"geometry":{"type":"LineString","coordinates":[[-117.82639,34.0323],[-117.82649,34.03219],[-117.82668,34.03199],[-117.82699,34.03171],[-117.82732,34.03145],[-117.82745,34.03136]]}},{"type":"Feature","properties":{"kind":"freeway","label":"SR-71"},"geometry":{"type":"LineString","coordinates":[[-117.77779,34.05007],[-117.77678,34.04912]]}},{"type":"Feature","properties":{"kind":"street","label":"Holt Ave"},"geometry":{"type":"LineString","coordinates":[[-117.78184,34.06153],[-117.78069,34.06156],[-117.78046,34.06157],[-117.77967,34.06159],[-117.77939,34.0616],[-117.77899,34.06161],[-117.77885,34.06161],[-117.77874,34.06161],[-117.77821,34.06163],[-117.77793,34.06163],[-117.77709,34.06165],[-117.77692,34.06171]]}},{"type":"Feature","properties":{"kind":"street","label":"Towne Ave"},"geometry":{"type":"LineString","coordinates":[[-117.74172,34.06716],[-117.74172,34.0674]]}},{"type":"Feature","properties":{"kind":"street","label":"Towne Ave"},"geometry":{"type":"LineString","coordinates":[[-117.74192,34.07037],[-117.74192,34.07021]]}},{"type":"Feature","properties":{"kind":"street","label":"Towne Ave"},"geometry":{"type":"LineString","coordinates":[[-117.74192,34.07021],[-117.7419,34.06969]]}},{"type":"Feature","properties":{"kind":"street","label":"Towne Ave"},"geometry":{"type":"LineString","coordinates":[[-117.74183,34.07037],[-117.74183,34.07071]]}},{"type":"Feature","properties":{"kind":"freeway","label":"I-10"},"geometry":{"type":"LineString","coordinates":[[-117.79401,34.07117],[-117.7948,34.07082]]}},{"type":"Feature","properties":{"kind":"street","label":"Temple Ave"},"geometry":{"type":"LineString","coordinates":[[-117.81796,34.05051],[-117.81818,34.05053],[-117.81846,34.05054]]}},{"type":"Feature","properties":{"kind":"street","label":"White Ave"},"geometry":{"type":"LineString","coordinates":[[-117.75921,34.07241],[-117.75912,34.07288]]}},{"type":"Feature","properties":{"kind":"street","label":"Garey Ave"},"geometry":{"type":"LineString","coordinates":[[-117.74865,34.09624],[-117.74865,34.09572],[-117.74865,34.09556]]}},{"type":"Feature","properties":{"kind":"street","label":"Arrow Hwy"},"geometry":{"type":"LineString","coordinates":[[-117.75471,34.09005],[-117.75546,34.09003],[-117.75552,34.09003]]}},{"type":"Feature","properties":{"kind":"street","label":"Temple Ave"},"geometry":{"type":"LineString","coordinates":[[-117.80165,34.04418],[-117.8012,34.04373]]}},{"type":"Feature","properties":{"kind":"street","label":"Temple Ave"},"geometry":{"type":"LineString","coordinates":[[-117.80185,34.04439],[-117.80165,34.04418]]}},{"type":"Feature","properties":{"kind":"street","label":"Towne Ave"},"geometry":{"type":"LineString","coordinates":[[-117.74177,34.07774],[-117.74164,34.07803]]}},{"type":"Feature","properties":{"kind":"street","label":"Mission Blvd"},"geometry":{"type":"LineString","coordinates":[[-117.77436,34.05427],[-117.7743,34.05428]]}},{"type":"Feature","properties":{"kind":"street","label":"White Ave"},"geometry":{"type":"LineString","coordinates":[[-117.76361,34.08796],[-117.76368,34.08814]]}},{"type":"Feature","properties":{"kind":"street","label":"Arrow Hwy"},"geometry":{"type":"LineString","coordinates":[[-117.73256,34.09033],[-117.73316,34.09032],[-117.73351,34.09032]]}},{"type":"Feature","properties":{"kind":"street","label":"Towne Ave"},"geometry":{"type":"LineString","coordinates":[[-117.74147,34.07862],[-117.74156,34.07842]]}},{"type":"Feature","properties":{"kind":"street","label":"Garey Ave"},"geometry":{"type":"LineString","coordinates":[[-117.74933,34.03336],[-117.74932,34.03326]]}},{"type":"Feature","properties":{"kind":"street","label":"Arrow Hwy"},"geometry":{"type":"LineString","coordinates":[[-117.74253,34.09008],[-117.74272,34.09008],[-117.74374,34.09007]]}},{"type":"Feature","properties":{"kind":"street","label":"Arrow Hwy"},"geometry":{"type":"LineString","coordinates":[[-117.74218,34.09008],[-117.74232,34.09008],[-117.74253,34.09008]]}},{"type":"Feature","properties":{"kind":"street","label":"Garey Ave"},"geometry":{"type":"LineString","coordinates":[[-117.74854,34.09344],[-117.74854,34.09348]]}},{"type":"Feature","properties":{"kind":"street","label":"White Ave"},"geometry":{"type":"LineString","coordinates":[[-117.76471,34.09028],[-117.76449,34.08974]]}},{"type":"Feature","properties":{"kind":"street","label":"Arrow Hwy"},"geometry":{"type":"LineString","coordinates":[[-117.74374,34.08996],[-117.74274,34.08996],[-117.74252,34.08996],[-117.74237,34.08996],[-117.74207,34.08996]]}},{"type":"Feature","properties":{"kind":"street","label":"Arrow Hwy"},"geometry":{"type":"LineString","coordinates":[[-117.74374,34.09007],[-117.74439,34.09007],[-117.74563,34.09007]]}},{"type":"Feature","properties":{"kind":"freeway","label":"SR-57"},"geometry":{"type":"LineString","coordinates":[[-117.80439,34.05797],[-117.80429,34.05755]]}},{"type":"Feature","properties":{"kind":"street","label":"Garey Ave"},"geometry":{"type":"LineString","coordinates":[[-117.75071,34.08706],[-117.75062,34.08725],[-117.75026,34.08798],[-117.75019,34.08813],[-117.75007,34.08836]]}},{"type":"Feature","properties":{"kind":"street","label":"Mission Blvd"},"geometry":{"type":"LineString","coordinates":[[-117.78755,34.05279],[-117.78832,34.05269],[-117.78856,34.05264],[-117.78882,34.05258]]}},{"type":"Feature","properties":{"kind":"street","label":"Mission Blvd"},"geometry":{"type":"LineString","coordinates":[[-117.78722,34.05266],[-117.78685,34.05271]]}},{"type":"Feature","properties":{"kind":"street","label":"Towne Ave"},"geometry":{"type":"LineString","coordinates":[[-117.74038,34.02989],[-117.74036,34.029],[-117.74028,34.02627]]}},{"type":"Feature","properties":{"kind":"street","label":"White Ave"},"geometry":{"type":"LineString","coordinates":[[-117.75854,34.04763],[-117.75851,34.04721],[-117.75848,34.04691]]}},{"type":"Feature","properties":{"kind":"street","label":"Arrow Hwy"},"geometry":{"type":"LineString","coordinates":[[-117.73401,34.09031],[-117.73427,34.09031]]}},{"type":"Feature","properties":{"kind":"street","label":"Arrow Hwy"},"geometry":{"type":"LineString","coordinates":[[-117.73427,34.09031],[-117.73455,34.0903],[-117.7349,34.0903]]}},{"type":"Feature","properties":{"kind":"street","label":"Mission Blvd"},"geometry":{"type":"LineString","coordinates":[[-117.79106,34.0517],[-117.79164,34.05142],[-117.79225,34.05109]]}},{"type":"Feature","properties":{"kind":"street","label":"Arrow Hwy"},"geometry":{"type":"LineString","coordinates":[[-117.75985,34.09132],[-117.76001,34.09143]]}},{"type":"Feature","properties":{"kind":"street","label":"Arrow Hwy"},"geometry":{"type":"LineString","coordinates":[[-117.75995,34.09124],[-117.75924,34.09075],[-117.75907,34.09064]]}},{"type":"Feature","properties":{"kind":"street","label":"Valley Blvd"},"geometry":{"type":"LineString","coordinates":[[-117.82508,34.03462],[-117.82496,34.03531],[-117.82478,34.03627],[-117.82469,34.03671],[-117.82465,34.03687],[-117.82458,34.03705],[-117.82448,34.03731],[-117.82432,34.0376],[-117.82416,34.03785],[-117.82404,34.03801],[-117.82398,34.03809]]}},{"type":"Feature","properties":{"kind":"street","label":"Valley Blvd"},"geometry":{"type":"LineString","coordinates":[[-117.82592,34.0329],[-117.826,34.03277],[-117.82639,34.0323]]}},{"type":"Feature","properties":{"kind":"street","label":"Garey Ave"},"geometry":{"type":"LineString","coordinates":[[-117.75228,34.07609],[-117.75228,34.07635]]}},{"type":"Feature","properties":{"kind":"street","label":"Garey Ave"},"geometry":{"type":"LineString","coordinates":[[-117.7494,34.0388],[-117.74941,34.0389]]}},{"type":"Feature","properties":{"kind":"street","label":"Arrow Hwy"},"geometry":{"type":"LineString","coordinates":[[-117.76001,34.09143],[-117.76007,34.09146]]}},{"type":"Feature","properties":{"kind":"street","label":"Arrow Hwy"},"geometry":{"type":"LineString","coordinates":[[-117.73234,34.09034],[-117.73256,34.09033]]}},{"type":"Feature","properties":{"kind":"street","label":"Garey Ave"},"geometry":{"type":"LineString","coordinates":[[-117.75017,34.05784],[-117.75012,34.05795],[-117.75014,34.05852],[-117.75015,34.0587],[-117.75015,34.05919],[-117.75013,34.05942],[-117.75012,34.05965],[-117.75015,34.06021]]}},{"type":"Feature","properties":{"kind":"street","label":"Reservoir St"},"geometry":{"type":"LineString","coordinates":[[-117.73269,34.05853],[-117.73264,34.05875],[-117.73268,34.05981]]}},{"type":"Feature","properties":{"kind":"street","label":"White Ave"},"geometry":{"type":"LineString","coordinates":[[-117.75869,34.05215],[-117.75867,34.05125],[-117.75865,34.05081],[-117.75863,34.05034],[-117.75861,34.04988],[-117.7586,34.04943],[-117.75859,34.04899],[-117.75858,34.04855],[-117.75856,34.04813],[-117.75854,34.04763]]}},{"type":"Feature","properties":{"kind":"street","label":"Arrow Hwy"},"geometry":{"type":"LineString","coordinates":[[-117.74091,34.09009],[-117.74173,34.09008],[-117.74187,34.09008],[-117.74218,34.09008]]}},{"type":"Feature","properties":{"kind":"street","label":"Garey Ave"},"geometry":{"type":"LineString","coordinates":[[-117.75222,34.0731],[-117.75222,34.07329],[-117.75223,34.07337]]}},{"type":"Feature","properties":{"kind":"street","label":"Garey Ave"},"geometry":{"type":"LineString","coordinates":[[-117.74866,34.10765],[-117.74866,34.10742],[-117.74866,34.10726],[-117.74866,34.10711],[-117.74866,34.10694],[-117.74866,34.10649]]}},{"type":"Feature","properties":{"kind":"street","label":"Temple Ave"},"geometry":{"type":"LineString","coordinates":[[-117.80013,34.04278],[-117.80051,34.04317]]}},{"type":"Feature","properties":{"kind":"street","label":"Garey Ave"},"geometry":{"type":"LineString","coordinates":[[-117.75281,34.08213],[-117.75284,34.08263],[-117.75285,34.08279],[-117.7528,34.08306],[-117.75271,34.0834]]}},{"type":"Feature","properties":{"kind":"street","label":"San Antonio Ave"},"geometry":{"type":"LineString","coordinates":[[-117.73665,34.06328],[-117.73666,34.06342]]}},{"type":"Feature","properties":{"kind":"street","label":"White Ave"},"geometry":{"type":"LineString","coordinates":[[-117.75897,34.06033],[-117.75897,34.06021],[-117.75896,34.05977]]}},{"type":"Feature","properties":{"kind":"street","label":"White Ave"},"geometry":{"type":"LineString","coordinates":[[-117.75897,34.06033],[-117.75898,34.06047],[-117.75899,34.06079],[-117.759,34.06089]]}},{"type":"Feature","properties":{"kind":"street","label":"Towne Ave"},"geometry":{"type":"LineString","coordinates":[[-117.74052,34.0331],[-117.74038,34.02989]]}},{"type":"Feature","properties":{"kind":"street","label":"San Antonio Ave"},"geometry":{"type":"LineString","coordinates":[[-117.73655,34.04452],[-117.73654,34.04409]]}},{"type":"Feature","properties":{"kind":"street","label":"San Antonio Ave"},"geometry":{"type":"LineString","coordinates":[[-117.73697,34.05544],[-117.73696,34.05501],[-117.73695,34.05462],[-117.73695,34.0545],[-117.73693,34.05407],[-117.7369,34.05361],[-117.73689,34.0532],[-117.73687,34.05269],[-117.73686,34.05255],[-117.73685,34.05224],[-117.73683,34.0518]]}},{"type":"Feature","properties":{"kind":"street","label":"Towne Ave"},"geometry":{"type":"LineString","coordinates":[[-117.74127,34.05442],[-117.74126,34.05396],[-117.74126,34.05351],[-117.74124,34.05307],[-117.74123,34.05279],[-117.74122,34.05259],[-117.74121,34.0522],[-117.74119,34.05183],[-117.74119,34.05168]]}},{"type":"Feature","properties":{"kind":"street","label":"Towne Ave"},"geometry":{"type":"LineString","coordinates":[[-117.7414,34.05774],[-117.7414,34.05761],[-117.74138,34.05725],[-117.74138,34.05715],[-117.74137,34.05706],[-117.74135,34.05668],[-117.74134,34.05644]]}},{"type":"Feature","properties":{"kind":"street","label":"White Ave"},"geometry":{"type":"LineString","coordinates":[[-117.75816,34.03566],[-117.75825,34.03538]]}},{"type":"Feature","properties":{"kind":"street","label":"White Ave"},"geometry":{"type":"LineString","coordinates":[[-117.75841,34.04447],[-117.7584,34.04435]]}},{"type":"Feature","properties":{"kind":"street","label":"White Ave"},"geometry":{"type":"LineString","coordinates":[[-117.75839,34.04398],[-117.75837,34.04352]]}},{"type":"Feature","properties":{"kind":"street","label":"White Ave"},"geometry":{"type":"LineString","coordinates":[[-117.7584,34.04435],[-117.75839,34.04398]]}},{"type":"Feature","properties":{"kind":"freeway","label":"SR-60"},"geometry":{"type":"LineString","coordinates":[[-117.76721,34.02374],[-117.7678,34.02372],[-117.76856,34.02373],[-117.76978,34.02383],[-117.77058,34.02395],[-117.77078,34.02399]]}},{"type":"Feature","properties":{"kind":"freeway","label":"SR-60"},"geometry":{"type":"LineString","coordinates":[[-117.77156,34.02417],[-117.77215,34.02434]]}},{"type":"Feature","properties":{"kind":"street","label":"Valley Blvd"},"geometry":{"type":"LineString","coordinates":[[-117.78758,34.06151],[-117.78821,34.0615]]}},{"type":"Feature","properties":{"kind":"street","label":"Valley Blvd"},"geometry":{"type":"LineString","coordinates":[[-117.78821,34.0615],[-117.78839,34.0615]]}},{"type":"Feature","properties":{"kind":"street","label":"Towne Ave"},"geometry":{"type":"LineString","coordinates":[[-117.73696,34.08773],[-117.7369,34.08795],[-117.73685,34.08825],[-117.73682,34.08835]]}},{"type":"Feature","properties":{"kind":"street","label":"San Antonio Ave"},"geometry":{"type":"LineString","coordinates":[[-117.73671,34.0754],[-117.73672,34.07585]]}},{"type":"Feature","properties":{"kind":"street","label":"Towne Ave"},"geometry":{"type":"LineString","coordinates":[[-117.7368,34.09194],[-117.7368,34.09206],[-117.7368,34.09257]]}},{"type":"Feature","properties":{"kind":"street","label":"Towne Ave"},"geometry":{"type":"LineString","coordinates":[[-117.73681,34.09166],[-117.7368,34.09194]]}},{"type":"Feature","properties":{"kind":"freeway","label":"I-10"},"geometry":{"type":"LineString","coordinates":[[-117.75516,34.07257],[-117.75485,34.07269]]}},{"type":"Feature","properties":{"kind":"street","label":"White Ave"},"geometry":{"type":"LineString","coordinates":[[-117.76238,34.08456],[-117.76184,34.08314],[-117.76159,34.08257],[-117.76148,34.08229]]}},{"type":"Feature","properties":{"kind":"street","label":"Reservoir St"},"geometry":{"type":"LineString","coordinates":[[-117.73136,34.02412],[-117.73138,34.02447],[-117.73138,34.02459]]}},{"type":"Feature","properties":{"kind":"street","label":"Reservoir St"},"geometry":{"type":"LineString","coordinates":[[-117.73156,34.02545],[-117.73154,34.02473],[-117.73154,34.02458]]}},{"type":"Feature","properties":{"kind":"street","label":"Holt Ave"},"geometry":{"type":"LineString","coordinates":[[-117.74108,34.06262],[-117.74097,34.06262]]}},{"type":"Feature","properties":{"kind":"freeway","label":"SR-60"},"geometry":{"type":"LineString","coordinates":[[-117.7364,34.02469],[-117.73547,34.02474]]}},{"type":"Feature","properties":{"kind":"freeway","label":"I-10"},"geometry":{"type":"LineString","coordinates":[[-117.79939,34.06839],[-117.79866,34.0687]]}},{"type":"Feature","properties":{"kind":"freeway","label":"I-10"},"geometry":{"type":"LineString","coordinates":[[-117.73705,34.08025],[-117.73781,34.07994]]}},{"type":"Feature","properties":{"kind":"freeway","label":"I-10"},"geometry":{"type":"LineString","coordinates":[[-117.79646,34.07007],[-117.79753,34.06957]]}},{"type":"Feature","properties":{"kind":"freeway","label":"SR-60"},"geometry":{"type":"LineString","coordinates":[[-117.76544,34.02394],[-117.76611,34.02384]]}},{"type":"Feature","properties":{"kind":"freeway","label":"SR-57"},"geometry":{"type":"LineString","coordinates":[[-117.80186,34.04982],[-117.80157,34.04892]]}},{"type":"Feature","properties":{"kind":"freeway","label":"I-10"},"geometry":{"type":"LineString","coordinates":[[-117.79866,34.0687],[-117.79837,34.06883],[-117.79344,34.0711],[-117.7923,34.07157],[-117.79206,34.07166]]}},{"type":"Feature","properties":{"kind":"street","label":"Indian Hill Blvd"},"geometry":{"type":"LineString","coordinates":[[-117.71926,34.07858],[-117.71927,34.07907]]}},{"type":"Feature","properties":{"kind":"street","label":"Holt Ave"},"geometry":{"type":"LineString","coordinates":[[-117.74384,34.06255],[-117.74375,34.06255]]}},{"type":"Feature","properties":{"kind":"street","label":"Holt Ave"},"geometry":{"type":"LineString","coordinates":[[-117.74358,34.06255],[-117.74349,34.06255],[-117.74344,34.06256]]}},{"type":"Feature","properties":{"kind":"street","label":"Holt Ave"},"geometry":{"type":"LineString","coordinates":[[-117.74097,34.06262],[-117.74081,34.06259],[-117.7405,34.06259],[-117.74017,34.06259],[-117.73983,34.06259]]}},{"type":"Feature","properties":{"kind":"street","label":"Holt Ave"},"geometry":{"type":"LineString","coordinates":[[-117.73983,34.06259],[-117.73951,34.0626]]}},{"type":"Feature","properties":{"kind":"street","label":"Garey Ave"},"geometry":{"type":"LineString","coordinates":[[-117.74945,34.03671],[-117.74943,34.03637],[-117.74942,34.03582],[-117.74939,34.03525],[-117.74938,34.03496]]}},{"type":"Feature","properties":{"kind":"street","label":"Towne Ave"},"geometry":{"type":"LineString","coordinates":[[-117.74077,34.08004],[-117.74098,34.07959],[-117.74118,34.07916]]}},{"type":"Feature","properties":{"kind":"street","label":"Temple Ave"},"geometry":{"type":"LineString","coordinates":[[-117.79891,34.04127],[-117.79869,34.04103]]}},{"type":"Feature","properties":{"kind":"street","label":"Towne Ave"},"geometry":{"type":"LineString","coordinates":[[-117.74118,34.07916],[-117.74126,34.07901],[-117.74132,34.0789]]}},{"type":"Feature","properties":{"kind":"street","label":"Towne Ave"},"geometry":{"type":"LineString","coordinates":[[-117.74134,34.05627],[-117.74132,34.0558],[-117.74131,34.05559],[-117.74131,34.05547],[-117.7413,34.05531]]}},{"type":"Feature","properties":{"kind":"street","label":"Towne Ave"},"geometry":{"type":"LineString","coordinates":[[-117.74134,34.05644],[-117.74134,34.05627]]}},{"type":"Feature","properties":{"kind":"street","label":"Towne Ave"},"geometry":{"type":"LineString","coordinates":[[-117.73681,34.09007],[-117.73681,34.09019]]}},{"type":"Feature","properties":{"kind":"street","label":"Towne Ave"},"geometry":{"type":"LineString","coordinates":[[-117.74141,34.05806],[-117.7414,34.05796],[-117.7414,34.05774]]}},{"type":"Feature","properties":{"kind":"street","label":"Garey Ave"},"geometry":{"type":"LineString","coordinates":[[-117.75221,34.07254],[-117.75221,34.07267]]}},{"type":"Feature","properties":{"kind":"street","label":"Garey Ave"},"geometry":{"type":"LineString","coordinates":[[-117.75221,34.07254],[-117.75228,34.07242],[-117.75226,34.07202],[-117.75225,34.07166],[-117.75223,34.07124],[-117.75219,34.07026]]}},{"type":"Feature","properties":{"kind":"street","label":"Garey Ave"},"geometry":{"type":"LineString","coordinates":[[-117.75198,34.06772],[-117.75199,34.06783]]}},{"type":"Feature","properties":{"kind":"street","label":"Garey Ave"},"geometry":{"type":"LineString","coordinates":[[-117.75204,34.06961],[-117.75205,34.06973]]}},{"type":"Feature","properties":{"kind":"street","label":"Garey Ave"},"geometry":{"type":"LineString","coordinates":[[-117.75217,34.0696],[-117.75214,34.06902],[-117.75214,34.06883],[-117.75212,34.06842],[-117.75211,34.06821]]}},{"type":"Feature","properties":{"kind":"street","label":"Garey Ave"},"geometry":{"type":"LineString","coordinates":[[-117.75203,34.06922],[-117.75204,34.06961]]}},{"type":"Feature","properties":{"kind":"street","label":"Garey Ave"},"geometry":{"type":"LineString","coordinates":[[-117.75219,34.07026],[-117.75218,34.06973]]}},{"type":"Feature","properties":{"kind":"street","label":"Garey Ave"},"geometry":{"type":"LineString","coordinates":[[-117.75211,34.06821],[-117.75211,34.06793],[-117.75209,34.06772]]}},{"type":"Feature","properties":{"kind":"street","label":"Holt Ave"},"geometry":{"type":"LineString","coordinates":[[-117.73762,34.06271],[-117.73744,34.06271],[-117.73728,34.06271]]}},{"type":"Feature","properties":{"kind":"street","label":"Holt Ave"},"geometry":{"type":"LineString","coordinates":[[-117.73762,34.06271],[-117.73779,34.06274],[-117.73883,34.06272],[-117.73917,34.06271]]}},{"type":"Feature","properties":{"kind":"street","label":"Holt Ave"},"geometry":{"type":"LineString","coordinates":[[-117.73952,34.0627],[-117.73982,34.06269],[-117.74005,34.06269],[-117.7408,34.06267],[-117.74097,34.06262]]}},{"type":"Feature","properties":{"kind":"street","label":"Holt Ave"},"geometry":{"type":"LineString","coordinates":[[-117.73917,34.06271],[-117.73952,34.0627]]}},{"type":"Feature","properties":{"kind":"street","label":"White Ave"},"geometry":{"type":"LineString","coordinates":[[-117.75825,34.03538],[-117.75834,34.03515]]}},{"type":"Feature","properties":{"kind":"street","label":"White Ave"},"geometry":{"type":"LineString","coordinates":[[-117.75834,34.03515],[-117.75837,34.0351],[-117.75851,34.03488],[-117.7586,34.03474]]}},{"type":"Feature","properties":{"kind":"street","label":"White Ave"},"geometry":{"type":"LineString","coordinates":[[-117.75896,34.05977],[-117.75903,34.05968],[-117.75898,34.05839]]}},{"type":"Feature","properties":{"kind":"street","label":"White Ave"},"geometry":{"type":"LineString","coordinates":[[-117.75898,34.05839],[-117.75897,34.05807],[-117.75897,34.05773],[-117.75888,34.05762]]}},{"type":"Feature","properties":{"kind":"street","label":"White Ave"},"geometry":{"type":"LineString","coordinates":[[-117.75888,34.05762],[-117.7588,34.05774],[-117.75882,34.05836],[-117.75887,34.05968],[-117.75896,34.05977]]}},{"type":"Feature","properties":{"kind":"street","label":"Holt Ave"},"geometry":{"type":"LineString","coordinates":[[-117.7863,34.06142],[-117.78607,34.06142],[-117.78539,34.06144],[-117.78441,34.06147],[-117.78335,34.06149],[-117.78321,34.0615],[-117.7831,34.0615],[-117.78184,34.06153]]}},{"type":"Feature","properties":{"kind":"street","label":"Garey Ave"},"geometry":{"type":"LineString","coordinates":[[-117.75279,34.08096],[-117.7527,34.08074]]}},{"type":"Feature","properties":{"kind":"street","label":"Garey Ave"},"geometry":{"type":"LineString","coordinates":[[-117.75267,34.08097],[-117.7527,34.08116],[-117.75271,34.08124]]}},{"type":"Feature","properties":{"kind":"street","label":"White Ave"},"geometry":{"type":"LineString","coordinates":[[-117.75927,34.06795],[-117.75929,34.06857],[-117.75929,34.06882]]}},{"type":"Feature","properties":{"kind":"street","label":"White Ave"},"geometry":{"type":"LineString","coordinates":[[-117.75923,34.06698],[-117.75925,34.0674]]}},{"type":"Feature","properties":{"kind":"street","label":"White Ave"},"geometry":{"type":"LineString","coordinates":[[-117.75925,34.0674],[-117.75926,34.0676]]}},{"type":"Feature","properties":{"kind":"street","label":"White Ave"},"geometry":{"type":"LineString","coordinates":[[-117.75926,34.0676],[-117.75927,34.06795]]}},{"type":"Feature","properties":{"kind":"street","label":"White Ave"},"geometry":{"type":"LineString","coordinates":[[-117.75901,34.06102],[-117.75901,34.06122]]}},{"type":"Feature","properties":{"kind":"street","label":"White Ave"},"geometry":{"type":"LineString","coordinates":[[-117.759,34.06089],[-117.75901,34.06102]]}},{"type":"Feature","properties":{"kind":"street","label":"White Ave"},"geometry":{"type":"LineString","coordinates":[[-117.75922,34.06663],[-117.75923,34.06698]]}},{"type":"Feature","properties":{"kind":"street","label":"White Ave"},"geometry":{"type":"LineString","coordinates":[[-117.75915,34.06477],[-117.75917,34.0651]]}},{"type":"Feature","properties":{"kind":"street","label":"White Ave"},"geometry":{"type":"LineString","coordinates":[[-117.75917,34.0651],[-117.75918,34.06542]]}},{"type":"Feature","properties":{"kind":"street","label":"White Ave"},"geometry":{"type":"LineString","coordinates":[[-117.75905,34.06216],[-117.75907,34.06252],[-117.75907,34.06261],[-117.75908,34.06272],[-117.75909,34.06289]]}},{"type":"Feature","properties":{"kind":"street","label":"White Ave"},"geometry":{"type":"LineString","coordinates":[[-117.75909,34.06289],[-117.75911,34.06328]]}},{"type":"Feature","properties":{"kind":"street","label":"White Ave"},"geometry":{"type":"LineString","coordinates":[[-117.75911,34.06328],[-117.75911,34.06361]]}},{"type":"Feature","properties":{"kind":"street","label":"White Ave"},"geometry":{"type":"LineString","coordinates":[[-117.75914,34.0645],[-117.75915,34.06467],[-117.75915,34.06477]]}},{"type":"Feature","properties":{"kind":"street","label":"White Ave"},"geometry":{"type":"LineString","coordinates":[[-117.75913,34.06423],[-117.75914,34.0645]]}},{"type":"Feature","properties":{"kind":"street","label":"White Ave"},"geometry":{"type":"LineString","coordinates":[[-117.75911,34.06361],[-117.75912,34.06371],[-117.75912,34.06386]]}},{"type":"Feature","properties":{"kind":"street","label":"White Ave"},"geometry":{"type":"LineString","coordinates":[[-117.75918,34.06542],[-117.75919,34.06567]]}},{"type":"Feature","properties":{"kind":"street","label":"White Ave"},"geometry":{"type":"LineString","coordinates":[[-117.75919,34.06567],[-117.7592,34.06599]]}},{"type":"Feature","properties":{"kind":"street","label":"White Ave"},"geometry":{"type":"LineString","coordinates":[[-117.7592,34.06599],[-117.75921,34.06638]]}},{"type":"Feature","properties":{"kind":"street","label":"Towne Ave"},"geometry":{"type":"LineString","coordinates":[[-117.74119,34.05168],[-117.74118,34.05158],[-117.74117,34.05109],[-117.74113,34.05004],[-117.74113,34.04985],[-117.7411,34.04896],[-117.74107,34.04806],[-117.74106,34.0475],[-117.74104,34.04701],[-117.74104,34.04675],[-117.74102,34.04643],[-117.74098,34.04575],[-117.74097,34.04559],[-117.74094,34.04493],[-117.74093,34.04463],[-117.74092,34.04441]]}},{"type":"Feature","properties":{"kind":"street","label":"Towne Ave"},"geometry":{"type":"LineString","coordinates":[[-117.74092,34.04441],[-117.74091,34.04399]]}},{"type":"Feature","properties":{"kind":"street","label":"White Ave"},"geometry":{"type":"LineString","coordinates":[[-117.75837,34.04352],[-117.75833,34.04278],[-117.75833,34.0425],[-117.75831,34.0418],[-117.7583,34.04145],[-117.75829,34.04103]]}},{"type":"Feature","properties":{"kind":"street","label":"White Ave"},"geometry":{"type":"LineString","coordinates":[[-117.75828,34.04069],[-117.75827,34.04038]]}},{"type":"Feature","properties":{"kind":"street","label":"Towne Ave"},"geometry":{"type":"LineString","coordinates":[[-117.74053,34.03352],[-117.74052,34.0331]]}},{"type":"Feature","properties":{"kind":"freeway","label":"I-10"},"geometry":{"type":"LineString","coordinates":[[-117.77564,34.07287],[-117.77656,34.07293],[-117.77766,34.07298],[-117.77875,34.07301],[-117.77992,34.07302],[-117.78089,34.07301]]}},{"type":"Feature","properties":{"kind":"freeway","label":"I-10"},"geometry":{"type":"LineString","coordinates":[[-117.75241,34.07394],[-117.75298,34.07371]]}},{"type":"Feature","properties":{"kind":"freeway","label":"I-10"},"geometry":{"type":"LineString","coordinates":[[-117.78089,34.07301],[-117.78157,34.073],[-117.78387,34.07298],[-117.78476,34.07299]]}},{"type":"Feature","properties":{"kind":"freeway","label":"SR-60"},"geometry":{"type":"LineString","coordinates":[[-117.77434,34.02484],[-117.77367,34.0246],[-117.77259,34.02424],[-117.77152,34.02393],[-117.77087,34.02378]]}},{"type":"Feature","properties":{"kind":"freeway","label":"I-10"},"geometry":{"type":"LineString","coordinates":[[-117.80986,34.0641],[-117.80817,34.06453],[-117.80691,34.06497]]}},{"type":"Feature","properties":{"kind":"freeway","label":"SR-60"},"geometry":{"type":"LineString","coordinates":[[-117.77571,34.02533],[-117.77489,34.02504],[-117.77434,34.02484]]}},{"type":"Feature","properties":{"kind":"freeway","label":"SR-60"},"geometry":{"type":"LineString","coordinates":[[-117.77078,34.02399],[-117.77144,34.02413],[-117.77156,34.02417]]}},{"type":"Feature","properties":{"kind":"freeway","label":"I-10"},"geometry":{"type":"LineString","coordinates":[[-117.77194,34.07209],[-117.76817,34.0715]]}},{"type":"Feature","properties":{"kind":"freeway","label":"I-10"},"geometry":{"type":"LineString","coordinates":[[-117.80346,34.06652],[-117.80279,34.06681]]}},{"type":"Feature","properties":{"kind":"freeway","label":"I-10"},"geometry":{"type":"LineString","coordinates":[[-117.76817,34.0715],[-117.76378,34.07082]]}},{"type":"Feature","properties":{"kind":"freeway","label":"I-10"},"geometry":{"type":"LineString","coordinates":[[-117.73198,34.08141],[-117.728,34.0815]]}},{"type":"Feature","properties":{"kind":"freeway","label":"SR-60"},"geometry":{"type":"LineString","coordinates":[[-117.76611,34.02384],[-117.76688,34.02376],[-117.76721,34.02374]]}},{"type":"Feature","properties":{"kind":"freeway","label":"SR-60"},"geometry":{"type":"LineString","coordinates":[[-117.72947,34.02521],[-117.73112,34.02514]]}},{"type":"Feature","properties":{"kind":"freeway","label":"I-10"},"geometry":{"type":"LineString","coordinates":[[-117.74962,34.07511],[-117.74984,34.07502]]}},{"type":"Feature","properties":{"kind":"freeway","label":"I-10"},"geometry":{"type":"LineString","coordinates":[[-117.73177,34.08166],[-117.73262,34.0816],[-117.73355,34.08145],[-117.73446,34.08122],[-117.73505,34.08104],[-117.73558,34.08083],[-117.73663,34.08042]]}},{"type":"Feature","properties":{"kind":"street","label":"Towne Ave"},"geometry":{"type":"LineString","coordinates":[[-117.7415,34.06023],[-117.74156,34.06015],[-117.74152,34.05864]]}},{"type":"Feature","properties":{"kind":"street","label":"Towne Ave"},"geometry":{"type":"LineString","coordinates":[[-117.74152,34.05864],[-117.7415,34.05817],[-117.74141,34.05806]]}},{"type":"Feature","properties":{"kind":"street","label":"Garey Ave"},"geometry":{"type":"LineString","coordinates":[[-117.74862,34.1108],[-117.74862,34.11104],[-117.74863,34.11187],[-117.74863,34.11228],[-117.74862,34.1126]]}},{"type":"Feature","properties":{"kind":"street","label":"Garey Ave"},"geometry":{"type":"LineString","coordinates":[[-117.75271,34.08124],[-117.75276,34.08173],[-117.75281,34.08213]]}},{"type":"Feature","properties":{"kind":"street","label":"Garey Ave"},"geometry":{"type":"LineString","coordinates":[[-117.74939,34.09005],[-117.74944,34.08994]]}},{"type":"Feature","properties":{"kind":"street","label":"Garey Ave"},"geometry":{"type":"LineString","coordinates":[[-117.7496,34.08932],[-117.7495,34.08953]]}},{"type":"Feature","properties":{"kind":"street","label":"Garey Ave"},"geometry":{"type":"LineString","coordinates":[[-117.74853,34.09221],[-117.74852,34.09242],[-117.74852,34.09266]]}},{"type":"Feature","properties":{"kind":"street","label":"Garey Ave"},"geometry":{"type":"LineString","coordinates":[[-117.74852,34.09266],[-117.74853,34.09311]]}},{"type":"Feature","properties":{"kind":"street","label":"Garey Ave"},"geometry":{"type":"LineString","coordinates":[[-117.74907,34.09072],[-117.74915,34.09056]]}},{"type":"Feature","properties":{"kind":"street","label":"Garey Ave"},"geometry":{"type":"LineString","coordinates":[[-117.74852,34.09562],[-117.74852,34.09569]]}},{"type":"Feature","properties":{"kind":"street","label":"Garey Ave"},"geometry":{"type":"LineString","coordinates":[[-117.74865,34.09556],[-117.74866,34.09498],[-117.74866,34.09486]]}},{"type":"Feature","properties":{"kind":"street","label":"Garey Ave"},"geometry":{"type":"LineString","coordinates":[[-117.74866,34.09696],[-117.74865,34.09681],[-117.74866,34.0967]]}},{"type":"Feature","properties":{"kind":"street","label":"Garey Ave"},"geometry":{"type":"LineString","coordinates":[[-117.74853,34.09868],[-117.74853,34.09881]]}},{"type":"Feature","properties":{"kind":"street","label":"Garey Ave"},"geometry":{"type":"LineString","coordinates":[[-117.74855,34.10268],[-117.74855,34.10282]]}},{"type":"Feature","properties":{"kind":"street","label":"Garey Ave"},"geometry":{"type":"LineString","coordinates":[[-117.74865,34.09972],[-117.74865,34.09961]]}},{"type":"Feature","properties":{"kind":"street","label":"Garey Ave"},"geometry":{"type":"LineString","coordinates":[[-117.74867,34.10373],[-117.74866,34.10345]]}},{"type":"Feature","properties":{"kind":"street","label":"Garey Ave"},"geometry":{"type":"LineString","coordinates":[[-117.74855,34.10374],[-117.74856,34.10422]]}},{"type":"Feature","properties":{"kind":"street","label":"Garey Ave"},"geometry":{"type":"LineString","coordinates":[[-117.74855,34.10535],[-117.74855,34.10546]]}},{"type":"Feature","properties":{"kind":"street","label":"Garey Ave"},"geometry":{"type":"LineString","coordinates":[[-117.74866,34.10642],[-117.74866,34.10635]]}},{"type":"Feature","properties":{"kind":"street","label":"Garey Ave"},"geometry":{"type":"LineString","coordinates":[[-117.74854,34.10697],[-117.74854,34.10708]]}},{"type":"Feature","properties":{"kind":"street","label":"Garey Ave"},"geometry":{"type":"LineString","coordinates":[[-117.74866,34.10649],[-117.74866,34.10642]]}},{"type":"Feature","properties":{"kind":"street","label":"Towne Ave"},"geometry":{"type":"LineString","coordinates":[[-117.73683,34.10793],[-117.73683,34.10806],[-117.73683,34.10835],[-117.73682,34.10888]]}},{"type":"Feature","properties":{"kind":"street","label":"Towne Ave"},"geometry":{"type":"LineString","coordinates":[[-117.73682,34.10888],[-117.73682,34.10923]]}},{"type":"Feature","properties":{"kind":"street","label":"Towne Ave"},"geometry":{"type":"LineString","coordinates":[[-117.73682,34.10979],[-117.73682,34.10986]]}},{"type":"Feature","properties":{"kind":"street","label":"San Antonio Ave"},"geometry":{"type":"LineString","coordinates":[[-117.73674,34.08138],[-117.73674,34.08144]]}},{"type":"Feature","properties":{"kind":"street","label":"San Antonio Ave"},"geometry":{"type":"LineString","coordinates":[[-117.73674,34.08224],[-117.73674,34.08245]]}},{"type":"Feature","properties":{"kind":"street","label":"San Antonio Ave"},"geometry":{"type":"LineString","coordinates":[[-117.73674,34.08245],[-117.73675,34.08295]]}},{"type":"Feature","properties":{"kind":"street","label":"San Antonio Ave"},"geometry":{"type":"LineString","coordinates":[[-117.73675,34.08295],[-117.73675,34.08338]]}},{"type":"Feature","properties":{"kind":"street","label":"San Antonio Ave"},"geometry":{"type":"LineString","coordinates":[[-117.73674,34.08144],[-117.73674,34.08224]]}},{"type":"Feature","properties":{"kind":"street","label":"San Antonio Ave"},"geometry":{"type":"LineString","coordinates":[[-117.73677,34.08629],[-117.73677,34.08666],[-117.73679,34.0868]]}},{"type":"Feature","properties":{"kind":"street","label":"White Ave"},"geometry":{"type":"LineString","coordinates":[[-117.75829,34.04103],[-117.75828,34.04069]]}},{"type":"Feature","properties":{"kind":"street","label":"White Ave"},"geometry":{"type":"LineString","coordinates":[[-117.75921,34.06638],[-117.75922,34.06663]]}},{"type":"Feature","properties":{"kind":"street","label":"Garey Ave"},"geometry":{"type":"LineString","coordinates":[[-117.75218,34.06973],[-117.75217,34.0696]]}},{"type":"Feature","properties":{"kind":"street","label":"San Antonio Ave"},"geometry":{"type":"LineString","coordinates":[[-117.73683,34.0518],[-117.73682,34.05154]]}},{"type":"Feature","properties":{"kind":"street","label":"San Antonio Ave"},"geometry":{"type":"LineString","coordinates":[[-117.73708,34.05902],[-117.73703,34.05915],[-117.73703,34.0592],[-117.73703,34.05927],[-117.73703,34.05944],[-117.7371,34.05952]]}},{"type":"Feature","properties":{"kind":"street","label":"San Antonio Ave"},"geometry":{"type":"LineString","coordinates":[[-117.7371,34.05952],[-117.73716,34.05945],[-117.73716,34.05938],[-117.73716,34.05931],[-117.73716,34.0592],[-117.73716,34.05914],[-117.73708,34.05902]]}},{"type":"Feature","properties":{"kind":"street","label":"San Antonio Ave"},"geometry":{"type":"LineString","coordinates":[[-117.73662,34.04607],[-117.73661,34.04588],[-117.73661,34.04569],[-117.7366,34.04555],[-117.73657,34.04496],[-117.73655,34.04452]]}},{"type":"Feature","properties":{"kind":"street","label":"San Antonio Ave"},"geometry":{"type":"LineString","coordinates":[[-117.73663,34.04631],[-117.73662,34.04607]]}},{"type":"Feature","properties":{"kind":"street","label":"White Ave"},"geometry":{"type":"LineString","coordinates":[[-117.75901,34.06122],[-117.75902,34.06149]]}},{"type":"Feature","properties":{"kind":"freeway","label":"SR-60"},"geometry":{"type":"LineString","coordinates":[[-117.77087,34.02378],[-117.77062,34.02374]]}},{"type":"Feature","properties":{"kind":"street","label":"Garey Ave"},"geometry":{"type":"LineString","coordinates":[[-117.75131,34.08586],[-117.75116,34.08616],[-117.75087,34.08673],[-117.75077,34.08695],[-117.75071,34.08706]]}},{"type":"Feature","properties":{"kind":"street","label":"Garey Ave"},"geometry":{"type":"LineString","coordinates":[[-117.75065,34.08749],[-117.75078,34.08723]]}},{"type":"Feature","properties":{"kind":"street","label":"Garey Ave"},"geometry":{"type":"LineString","coordinates":[[-117.75048,34.06455],[-117.75046,34.06404],[-117.75044,34.06351],[-117.75043,34.06307]]}},{"type":"Feature","properties":{"kind":"street","label":"Garey Ave"},"geometry":{"type":"LineString","coordinates":[[-117.75209,34.06772],[-117.75208,34.06764],[-117.75206,34.06759]]}},{"type":"Feature","properties":{"kind":"street","label":"Garey Ave"},"geometry":{"type":"LineString","coordinates":[[-117.7504,34.06237],[-117.75037,34.06159],[-117.75037,34.06143]]}},{"type":"Feature","properties":{"kind":"street","label":"Holt Ave"},"geometry":{"type":"LineString","coordinates":[[-117.7504,34.06237],[-117.75028,34.06238]]}},{"type":"Feature","properties":{"kind":"street","label":"Garey Ave"},"geometry":{"type":"LineString","coordinates":[[-117.75072,34.06506],[-117.75066,34.06495],[-117.75055,34.06475],[-117.75052,34.06468],[-117.7505,34.06461],[-117.75048,34.06455]]}},{"type":"Feature","properties":{"kind":"street","label":"Garey Ave"},"geometry":{"type":"LineString","coordinates":[[-117.75043,34.06307],[-117.75042,34.06289],[-117.7504,34.06237]]}},{"type":"Feature","properties":{"kind":"street","label":"Towne Ave"},"geometry":{"type":"LineString","coordinates":[[-117.7413,34.05531],[-117.7413,34.0552],[-117.74129,34.05509],[-117.74129,34.05486],[-117.74127,34.05442]]}},{"type":"Feature","properties":{"kind":"street","label":"Garey Ave"},"geometry":{"type":"LineString","coordinates":[[-117.75206,34.06759],[-117.752,34.06745],[-117.75192,34.0673],[-117.75175,34.06698],[-117.7516,34.06668],[-117.75145,34.06642],[-117.75115,34.06586],[-117.75086,34.06533],[-117.75072,34.06506]]}},{"type":"Feature","properties":{"kind":"street","label":"Holt Ave"},"geometry":{"type":"LineString","coordinates":[[-117.74384,34.06255],[-117.74396,34.0626],[-117.74474,34.06258],[-117.74486,34.06257],[-117.74518,34.06257],[-117.74534,34.06256],[-117.74546,34.0625]]}},{"type":"Feature","properties":{"kind":"street","label":"Holt Ave"},"geometry":{"type":"LineString","coordinates":[[-117.74417,34.06249],[-117.74395,34.06249],[-117.74384,34.06255]]}},{"type":"Feature","properties":{"kind":"street","label":"Holt Ave"},"geometry":{"type":"LineString","coordinates":[[-117.75248,34.06233],[-117.7521,34.06234],[-117.75148,34.06235],[-117.75113,34.06236]]}},{"type":"Feature","properties":{"kind":"street","label":"Holt Ave"},"geometry":{"type":"LineString","coordinates":[[-117.75269,34.06232],[-117.75248,34.06233]]}},{"type":"Feature","properties":{"kind":"street","label":"White Ave"},"geometry":{"type":"LineString","coordinates":[[-117.75929,34.06907],[-117.75929,34.06949],[-117.75929,34.0696]]}},{"type":"Feature","properties":{"kind":"street","label":"White Ave"},"geometry":{"type":"LineString","coordinates":[[-117.75929,34.06882],[-117.75929,34.06905],[-117.75929,34.06907]]}},{"type":"Feature","properties":{"kind":"freeway","label":"SR-60"},"geometry":{"type":"LineString","coordinates":[[-117.75742,34.02471],[-117.75691,34.02464],[-117.75596,34.02443]]}},{"type":"Feature","properties":{"kind":"freeway","label":"I-10"},"geometry":{"type":"LineString","coordinates":[[-117.73811,34.07955],[-117.73689,34.08006]]}},{"type":"Feature","properties":{"kind":"street","label":"Garey Ave"},"geometry":{"type":"LineString","coordinates":[[-117.75037,34.06143],[-117.75033,34.06065],[-117.75032,34.06056]]}},{"type":"Feature","properties":{"kind":"street","label":"Garey Ave"},"geometry":{"type":"LineString","coordinates":[[-117.74872,34.09192],[-117.74878,34.09157],[-117.74882,34.09138],[-117.74888,34.09116],[-117.749,34.09086],[-117.74907,34.09072]]}},{"type":"Feature","properties":{"kind":"street","label":"Garey Ave"},"geometry":{"type":"LineString","coordinates":[[-117.74857,34.09192],[-117.74853,34.09221]]}},{"type":"Feature","properties":{"kind":"street","label":"Holt Ave","angle":-1.9,"isLabel":true,"above":true},"geometry":{"type":"Point","coordinates":[-117.7599,34.06208]}},{"type":"Feature","properties":{"kind":"street","label":"San Antonio Ave","angle":89.4,"isLabel":true},"geometry":{"type":"Point","coordinates":[-117.73672,34.07767]}},{"type":"Feature","properties":{"kind":"street","label":"Mission Blvd","angle":-8.6,"isLabel":true},"geometry":{"type":"Point","coordinates":[-117.78418,34.05305]}},{"type":"Feature","properties":{"kind":"street","label":"Mission Blvd","angle":-2.6,"isLabel":true},"geometry":{"type":"Point","coordinates":[-117.73817,34.05539]}},{"type":"Feature","properties":{"kind":"street","label":"White Ave","angle":71.3,"isLabel":true},"geometry":{"type":"Point","coordinates":[-117.7628,34.08594]}},{"type":"Feature","properties":{"kind":"street","label":"Arrow Hwy","angle":-0.6,"isLabel":true},"geometry":{"type":"Point","coordinates":[-117.7473,34.09006]}},{"type":"Feature","properties":{"kind":"street","label":"Reservoir St","angle":88.3,"isLabel":true},"geometry":{"type":"Point","coordinates":[-117.73159,34.02888]}},{"type":"Feature","properties":{"kind":"street","label":"Towne Ave","angle":88.0,"isLabel":true},"geometry":{"type":"Point","coordinates":[-117.74045,34.03149]}},{"type":"Feature","properties":{"kind":"street","label":"Indian Hill Blvd","angle":89.9,"isLabel":true},"geometry":{"type":"Point","coordinates":[-117.71924,34.06999]}},{"type":"Feature","properties":{"kind":"street","label":"Holt Ave","angle":-1.5,"isLabel":true},"geometry":{"type":"Point","coordinates":[-117.72316,34.06299]}},{"type":"Feature","properties":{"kind":"freeway","label":"SR-60","angle":17.0,"isLabel":true},"geometry":{"type":"Point","coordinates":[-117.75445,34.02431]}},{"type":"Feature","properties":{"kind":"street","label":"Garey Ave","angle":89.8,"isLabel":true},"geometry":{"type":"Point","coordinates":[-117.74866,34.10146]}},{"type":"Feature","properties":{"kind":"street","label":"Garey Ave","angle":88.6,"isLabel":true},"geometry":{"type":"Point","coordinates":[-117.74911,34.02726]}},{"type":"Feature","properties":{"kind":"street","label":"Temple Ave","angle":0.8,"isLabel":true},"geometry":{"type":"Point","coordinates":[-117.81936,34.05042]}},{"type":"Feature","properties":{"kind":"freeway","label":"I-10","angle":-28.9,"isLabel":true},"geometry":{"type":"Point","coordinates":[-117.79591,34.06997]}},{"type":"Feature","properties":{"kind":"freeway","label":"SR-57","angle":75.4,"isLabel":true},"geometry":{"type":"Point","coordinates":[-117.80143,34.04944]}},{"type":"Feature","properties":{"kind":"freeway","label":"SR-71","angle":48.3,"isLabel":true},"geometry":{"type":"Point","coordinates":[-117.76997,34.04294]}},{"type":"Feature","properties":{"kind":"street","label":"Valley Blvd","angle":-57.3,"isLabel":true},"geometry":{"type":"Point","coordinates":[-117.81082,34.05045]}}]}